team,games,wins,avg_kills,avg_deaths,avg_dragons,avg_barons,avg_towers,avg_gamelength,winrate,weighted_winrate,primary_league,region
Geekay Esports,95,79,20.526315789473685,12.021052631578947,2.4526315789473685,0.6526315789473685,8.473684210526315,30.1,83.2,83.2,AL,Europe
REJECT,60,47,21.533333333333335,12.333333333333334,2.55,0.6666666666666666,8.266666666666667,29.6,78.3,80.5,LJL,Japan
Los Ratones,109,87,17.908256880733944,12.899082568807339,2.926605504587156,0.7339449541284404,8.055045871559633,31.8,79.8,79.8,EM,Europe
Macko Esports,19,15,18.63157894736842,11.789473684210526,2.0,0.631578947368421,8.526315789473685,31.0,78.9,78.9,LIT,Europe
LEO,14,11,25.285714285714285,18.642857142857142,2.142857142857143,0.42857142857142855,7.857142857142857,30.6,78.6,78.6,NLC,Europe
Hyper Vortex Esports,14,11,19.642857142857142,13.928571428571429,2.642857142857143,0.7857142857142857,8.214285714285714,33.4,78.6,78.6,VCS,Southeast Asia
T1 Esports Academy Rookies,122,89,22.0,13.245901639344263,2.5737704918032787,0.6065573770491803,7.663934426229508,30.6,73.0,73.0,LAS,Latin America
Dream in 24,40,29,24.2,15.95,2.525,0.375,7.675,28.5,72.5,72.5,LJL,Japan
RED Academy,47,34,18.829787234042552,14.340425531914894,2.6808510638297873,0.6808510638297872,7.23404255319149,32.2,72.3,72.3,CD,Latin America
FlameHard,54,39,21.796296296296298,17.444444444444443,2.574074074074074,0.6666666666666666,8.537037037037036,32.1,72.2,72.2,LPLOL,Other
Nocturne Gale,50,36,21.36,14.62,2.94,0.7,7.58,32.5,72.0,72.0,CT,Other
Deep Cross Gaming,122,86,21.614754098360656,14.87704918032787,2.5901639344262297,0.4672131147540984,7.032786885245901,29.3,70.5,71.5,PCS,Southeast Asia
Berlin International Gaming,103,73,19.436893203883496,13.37864077669903,2.3980582524271843,0.6601941747572816,7.766990291262136,30.7,70.9,70.9,PRM,Europe
Gen.G,167,117,16.095808383233532,12.1437125748503,2.586826347305389,0.6287425149700598,7.07185628742515,32.0,70.1,70.2,LCK,Korea
Luminosity Gaming,64,48,17.75,9.296875,2.9375,0.75,7.84375,32.5,75.0,70.1,NACL,North America
LNG Academy,10,7,21.6,16.7,1.5,0.5,6.9,27.9,70.0,70.0,Asia Master,Other
Kiedyś Miałem Fun,26,18,20.423076923076923,16.884615384615383,2.1153846153846154,0.6538461538461539,8.0,32.8,69.2,69.2,RL,Other
Team Phantasma,94,65,20.25531914893617,14.702127659574469,2.648936170212766,0.723404255319149,7.659574468085107,32.2,69.1,69.1,HLL,Europe
GIANTX Pride,87,60,17.275862068965516,13.195402298850574,2.4367816091954024,0.7816091954022989,7.64367816091954,33.0,69.0,69.0,LVP SL,Europe
KT Rolster Challengers,129,89,19.790697674418606,14.790697674418604,2.7751937984496124,0.49612403100775193,7.1937984496124034,31.3,69.0,68.6,LCKC,Korea
Esprit Shōnen,76,52,19.31578947368421,15.973684210526315,2.789473684210526,0.7368421052631579,7.828947368421052,32.7,68.4,68.4,LFL2,Europe
Nightbirds,82,56,18.573170731707318,14.378048780487806,2.4390243902439024,0.6219512195121951,7.780487804878049,31.4,68.3,68.3,HM,Europe
Otter Side,22,15,19.954545454545453,14.363636363636363,2.590909090909091,0.8181818181818182,7.318181818181818,31.5,68.2,68.2,LPLOL,Other
FlyQuest,91,64,16.384615384615383,12.274725274725276,2.6263736263736264,0.6923076923076923,7.230769230769231,33.2,70.3,68.1,LTA N,North America
Karmine Corp Blue,127,85,17.086614173228348,12.913385826771654,2.8031496062992125,0.7952755905511811,7.7795275590551185,32.8,66.9,66.9,LFL,Europe
Cusprills,15,10,19.066666666666666,13.933333333333334,2.8666666666666667,0.9333333333333333,8.0,34.1,66.7,66.7,CD,Latin America
QT DIG∞,64,41,18.875,13.453125,2.34375,0.421875,7.375,29.3,64.1,66.3,LJL,Japan
Vivo Keyd Stars Academy,56,37,17.267857142857142,12.732142857142858,2.642857142857143,0.6607142857142857,7.339285714285714,32.4,66.1,66.1,CD,Latin America
Saigon Dino,51,33,20.11764705882353,15.0,2.803921568627451,0.6470588235294118,6.803921568627451,32.3,64.7,65.5,VCS,Southeast Asia
inf,29,19,18.655172413793103,15.206896551724139,2.5172413793103448,0.5862068965517241,6.931034482758621,32.7,65.5,65.5,LRN,Other
Team Valiant,46,30,18.73913043478261,12.891304347826088,2.5217391304347827,0.6521739130434783,7.434782608695652,31.2,65.2,65.2,LFL2,Europe
Misa Esports,95,62,18.326315789473686,15.010526315789473,2.305263157894737,0.6526315789473685,7.178947368421053,31.8,65.3,65.1,TCL,Europe
Cloud9,75,48,16.386666666666667,12.026666666666667,2.6133333333333333,0.7333333333333333,6.8133333333333335,32.7,64.0,64.9,LTA N,North America
Deltan Gaming,37,24,22.27027027027027,15.945945945945946,2.5675675675675675,0.4594594594594595,6.783783783783784,28.7,64.9,64.9,LJL,Japan
eQuizers,17,11,15.941176470588236,15.647058823529411,2.7058823529411766,1.0,7.176470588235294,35.2,64.7,64.7,NEXO,Other
Zero Tenacity,104,67,18.76923076923077,15.490384615384615,1.6923076923076923,0.5192307692307693,7.048076923076923,31.1,64.4,64.4,RL,Other
Crvena zvezda Esports,90,58,19.6,15.744444444444444,2.4444444444444446,0.5,7.311111111111111,30.6,64.4,64.4,EBL,Europe
DarkZero Dragonsteel,53,34,17.566037735849058,13.11320754716981,2.490566037735849,0.5094339622641509,7.169811320754717,33.5,64.2,64.2,NACL,North America
KIA.eSuba Academy,81,52,19.987654320987655,18.02469135802469,1.962962962962963,0.6172839506172839,7.0,31.4,64.2,64.2,HC,Other
ZennIT,75,48,17.64,13.773333333333333,2.3866666666666667,0.6,7.1066666666666665,31.7,64.0,64.0,ROL,Other
We Can Win,11,7,18.90909090909091,14.909090909090908,2.1818181818181817,0.6363636363636364,6.818181818181818,30.2,63.6,63.6,LJL,Japan
KT Rolster Academy,74,47,20.513513513513512,17.10810810810811,2.6621621621621623,0.5,7.22972972972973,30.8,63.5,63.5,LAS,Latin America
eSuba,98,62,18.091836734693878,15.53061224489796,2.2755102040816326,0.5714285714285714,6.775510204081633,30.7,63.3,63.3,HM,Europe
Hanwha Life Esports,169,109,17.14792899408284,13.934911242603551,2.437869822485207,0.6153846153846154,6.715976331360947,32.2,64.5,63.3,LCK,Korea
Anyone's Legend,186,117,17.155913978494624,13.25268817204301,2.3978494623655915,0.6505376344086021,6.424731182795699,32.6,62.9,63.3,LPL,China
Near Airport,38,24,16.157894736842106,13.789473684210526,2.8947368421052633,0.6842105263157895,7.447368421052632,33.9,63.2,63.2,NACL,North America
T1,187,118,16.732620320855617,13.807486631016042,2.406417112299465,0.6256684491978609,6.641711229946524,31.9,63.1,63.1,LCK,Korea
Top Esports,183,114,16.262295081967213,15.21311475409836,2.2459016393442623,0.6010928961748634,6.502732240437158,32.1,62.3,62.9,LPL,China
Partizan Sangal,70,44,17.84285714285714,13.757142857142858,2.742857142857143,0.5428571428571428,7.142857142857143,30.7,62.9,62.9,EBL,Europe
Frank Esports,100,62,18.16,14.82,1.98,0.53,6.94,30.5,62.0,62.5,PCS,Southeast Asia
T1 Esports Academy,148,91,16.54054054054054,14.756756756756756,2.1621621621621623,0.6216216216216216,7.013513513513513,31.6,61.5,62.2,LCKC,Korea
Fuego,47,29,20.78723404255319,15.829787234042554,2.617021276595745,0.8297872340425532,7.148936170212766,34.9,61.7,61.7,LRN,Other
mCon esports,73,45,19.438356164383563,13.89041095890411,2.767123287671233,0.6712328767123288,7.383561643835616,32.3,61.6,61.6,ROL,Other
Galions,86,53,16.930232558139537,12.94186046511628,2.36046511627907,0.686046511627907,6.941860465116279,32.7,61.6,61.6,LFL,Europe
Los Heretics,125,77,16.464,13.136,2.472,0.656,7.016,32.6,61.6,61.6,LVP SL,Europe
Karmine Corp,106,63,14.650943396226415,12.59433962264151,2.707547169811321,0.6509433962264151,6.820754716981132,33.2,59.4,61.1,LEC,Europe
Bilibili Gaming,189,114,17.206349206349206,14.380952380952381,2.4497354497354498,0.656084656084656,6.904761904761905,32.3,60.3,60.8,LPL,China
CTBC Flying Oyster,119,80,15.378151260504202,11.77310924369748,2.6218487394957983,0.6302521008403361,7.184873949579832,31.9,67.2,60.4,LCP,Southeast Asia
NORD Esports,60,36,18.25,13.8,2.316666666666667,0.55,6.833333333333333,31.8,60.0,60.0,NLC,Europe
7REX,10,6,17.3,12.6,2.4,0.8,6.4,33.0,60.0,60.0,CD,Latin America
CGN Esports,40,24,18.875,19.025,2.625,0.7,7.35,31.7,60.0,60.0,PRM,Europe
Diversion Gaming,77,46,20.766233766233768,18.896103896103895,2.4545454545454546,0.6363636363636364,6.64935064935065,31.1,59.7,59.7,HC,Other
Yang Yang Gaming,56,33,21.553571428571427,17.625,2.2857142857142856,0.5892857142857143,6.464285714285714,30.3,58.9,58.9,LJL,Japan
Fnatic,85,51,14.929411764705883,13.411764705882353,2.4941176470588236,0.6470588235294118,6.588235294117647,32.8,60.0,58.9,LEC,Europe
Farenvehn,59,37,16.864406779661017,14.135593220338983,2.3728813559322033,0.6949152542372882,7.338983050847458,33.5,62.7,58.8,LRS,Other
Verdant,68,40,16.705882352941178,14.014705882352942,2.6029411764705883,0.5735294117647058,6.617647058823529,32.3,58.8,58.8,NLC,Europe
VARREL YOUTH,51,30,16.84313725490196,16.058823529411764,2.0784313725490198,0.45098039215686275,6.450980392156863,31.0,58.8,58.8,LJL,Japan
DRX Challengers,141,82,17.72340425531915,14.425531914893616,2.2907801418439715,0.5815602836879432,6.446808510638298,32.7,58.2,58.7,LCKC,Korea
Hanwha Life Esports Academy,135,79,20.77777777777778,18.562962962962963,1.9037037037037037,0.5555555555555556,6.118518518518519,30.8,58.5,58.5,LAS,Latin America
Isurus,24,14,15.75,12.625,2.2083333333333335,0.5,6.916666666666667,30.8,58.3,58.3,LTA S,Latin America
West Point Esports,84,48,20.595238095238095,19.916666666666668,1.7976190476190477,0.5357142857142857,6.678571428571429,30.5,57.1,58.3,PCS,Southeast Asia
Zeu5 Esports,43,25,17.093023255813954,15.395348837209303,2.302325581395349,0.46511627906976744,6.627906976744186,31.2,58.1,58.1,LRN,Other
CITA Kaizen,38,22,21.157894736842106,18.36842105263158,2.5789473684210527,0.5526315789473685,6.526315789473684,30.8,57.9,57.9,HC,Other
Invictus Gaming,150,88,16.30666666666667,15.44,2.5733333333333333,0.6266666666666667,6.233333333333333,32.9,58.7,57.8,LPL,China
Falke Esports,45,26,18.022222222222222,14.466666666666667,2.3777777777777778,0.6666666666666666,7.111111111111111,32.6,57.8,57.8,NEXO,Other
Dung Dynasty,26,15,18.5,17.53846153846154,2.8461538461538463,0.6538461538461539,7.423076923076923,34.1,57.7,57.7,PRM,Europe
Dopamina E-Sport,33,19,17.545454545454547,16.151515151515152,1.878787878787879,0.696969696969697,6.363636363636363,32.2,57.6,57.6,CD,Latin America
Maze Gaming,47,27,17.595744680851062,14.425531914893616,2.617021276595745,0.5106382978723404,6.48936170212766,32.6,57.4,57.4,LRS,Other
G2 Esports,113,67,13.769911504424778,11.557522123893806,2.47787610619469,0.6371681415929203,6.734513274336283,32.6,59.3,57.3,LEC,Europe
Gamespace Mediterranean College Esports,79,45,18.696202531645568,15.708860759493671,2.3417721518987342,0.5949367088607594,6.734177215189874,32.2,57.0,57.0,HLL,Europe
Project Conquerors,74,42,18.41891891891892,17.27027027027027,2.5,0.6756756756756757,6.554054054054054,33.6,56.8,56.8,LFL2,Europe
BK ROG Esports,90,51,15.566666666666666,13.61111111111111,2.6,0.7888888888888889,6.966666666666667,34.9,56.7,56.7,LFL,Europe
Oxygen Gaming,46,26,18.32608695652174,18.23913043478261,2.608695652173913,0.717391304347826,7.326086956521739,35.2,56.5,56.5,NEXO,Other
Forsaken,92,52,17.51086956521739,17.532608695652176,2.402173913043478,0.6086956521739131,6.739130434782608,32.1,56.5,56.5,RL,Other
Stellae Gaming,46,26,13.217391304347826,14.956521739130435,1.8478260869565217,0.717391304347826,6.391304347826087,31.9,56.5,56.5,CD,Latin America
Estral Esports,32,19,17.65625,13.9375,2.59375,0.40625,6.78125,31.2,59.4,56.5,LRN,Other
Dplus KIA,163,93,15.28834355828221,13.680981595092025,2.3435582822085887,0.4785276073619632,6.147239263803681,32.0,57.1,56.5,LCK,Korea
Lechuga Gaming,16,9,21.125,23.4375,2.3125,0.625,7.6875,32.6,56.2,56.2,LRS,Other
StormMedia Fajnie Mieć Skład,73,41,17.589041095890412,17.15068493150685,2.3013698630136985,0.547945205479452,6.780821917808219,31.7,56.2,56.2,RL,Other
Clocks,48,27,16.6875,19.083333333333332,2.3541666666666665,0.3333333333333333,6.416666666666667,31.6,56.2,56.2,LJL,Japan
Dragons Esports,48,27,19.604166666666668,19.958333333333332,2.4375,0.6041666666666666,6.854166666666667,32.1,56.2,56.2,AL,Europe
BoostGate Esports,74,42,17.93243243243243,16.7972972972973,2.5945945945945947,0.6216216216216216,6.364864864864865,32.1,56.8,56.0,TCL,Europe
Vitality.Bee,84,47,14.785714285714286,13.952380952380953,2.5357142857142856,0.6428571428571429,6.535714285714286,34.1,56.0,56.0,LFL,Europe
Entropiq,86,48,16.53488372093023,14.116279069767442,2.395348837209302,0.5930232558139535,6.616279069767442,31.5,55.8,55.8,HM,Europe
Team Flash,40,22,17.1,15.95,2.375,0.575,6.55,32.1,55.0,55.5,VCS,Southeast Asia
paiN Gaming,62,33,15.048387096774194,14.387096774193548,2.629032258064516,0.7419354838709677,6.096774193548387,34.5,53.2,55.5,LTA S,Latin America
DN Freecs Academy,123,68,18.5609756097561,19.284552845528456,2.5284552845528454,0.4878048780487805,6.333333333333333,30.7,55.3,55.3,LAS,Latin America
Colossal Gaming,47,26,16.80851063829787,15.595744680851064,2.3191489361702127,0.5531914893617021,6.531914893617022,30.5,55.3,55.3,LIT,Europe
Conviction,63,36,15.523809523809524,15.873015873015873,2.5714285714285716,0.6666666666666666,6.809523809523809,32.9,57.1,55.3,NACL,North America
Dplus KIA Youth,134,74,18.902985074626866,18.791044776119403,2.2313432835820897,0.44029850746268656,6.029850746268656,30.2,55.2,55.2,LAS,Latin America
Odivelas Sports Club,49,27,17.489795918367346,15.0,2.36734693877551,0.5306122448979592,6.224489795918367,31.7,55.1,55.1,LPLOL,Other
Citadel Gaming,20,11,16.75,15.4,2.4,0.7,6.05,32.5,55.0,55.0,NACL,North America
LUA Gaming,55,30,16.727272727272727,15.618181818181819,2.2181818181818183,0.5818181818181818,6.654545454545454,31.8,54.5,54.5,LVP SL,Europe
Jolly Rogers,11,6,17.272727272727273,15.090909090909092,2.8181818181818183,0.5454545454545454,5.909090909090909,32.9,54.5,54.5,NACL,North America
Gentle Mates,98,53,13.66326530612245,12.979591836734693,2.5714285714285716,0.6428571428571429,6.591836734693878,34.6,54.1,54.1,LFL,Europe
Meavedron,85,46,19.823529411764707,18.31764705882353,2.3529411764705883,0.4823529411764706,6.482352941176471,31.1,54.1,54.1,HC,Other
IziDream,63,34,17.61904761904762,15.904761904761905,2.3333333333333335,0.7142857142857143,6.285714285714286,32.9,54.0,54.0,LFL2,Europe
EDward Gaming,82,45,15.426829268292684,13.451219512195122,2.426829268292683,0.5487804878048781,6.158536585365853,33.2,54.9,54.0,LPL,China
MGN Vikings Esports,87,47,14.666666666666666,13.528735632183908,2.367816091954023,0.5632183908045977,5.942528735632184,32.6,54.0,54.0,LCP,Southeast Asia
Burning Core Toyama,53,28,19.169811320754718,19.32075471698113,1.9056603773584906,0.32075471698113206,5.754716981132075,29.4,52.8,53.9,LJL,Japan
Back2TheGame,67,36,17.17910447761194,15.955223880597014,2.746268656716418,0.5671641791044776,6.253731343283582,32.7,53.7,53.7,RL,Other
JD Gaming,164,88,14.981707317073171,14.152439024390244,2.0609756097560976,0.5,6.024390243902439,32.4,53.7,53.6,LPL,China
LOUD,57,30,12.736842105263158,14.333333333333334,2.3684210526315788,0.6140350877192983,6.315789473684211,33.3,52.6,53.6,LTA S,Latin America
DN Freecs Challengers,139,74,16.151079136690647,16.834532374100718,1.9928057553956835,0.49640287769784175,6.258992805755396,31.8,53.2,53.6,LCKC,Korea
Unicorns of Love Sexy Edition,97,52,16.721649484536083,14.54639175257732,2.134020618556701,0.6391752577319587,7.0,32.8,53.6,53.6,PRM,Europe
Senshi eSports,58,31,17.724137931034484,17.25862068965517,2.5172413793103448,0.7413793103448276,6.637931034482759,32.5,53.4,53.4,ROL,Other
100 Thieves,74,41,15.891891891891891,15.283783783783784,2.4864864864864864,0.6891891891891891,6.243243243243243,33.5,55.4,53.3,LTA N,North America
Los Grandes,45,24,15.155555555555555,12.6,2.6444444444444444,0.7555555555555555,6.288888888888889,34.2,53.3,53.3,CD,Latin America
SPIKE Syndicate,60,32,18.616666666666667,16.533333333333335,2.1333333333333333,0.5833333333333334,6.366666666666666,31.5,53.3,53.3,EBL,Europe
GOAL,30,16,17.966666666666665,17.9,2.1,0.43333333333333335,5.933333333333334,31.7,53.3,53.3,HLL,Europe
Ici Japon Corp. Esport,77,41,15.0,14.467532467532468,2.2857142857142856,0.6103896103896104,6.233766233766234,33.0,53.2,53.2,LFL,Europe
TeamOrangeGaming,81,43,16.876543209876544,15.604938271604938,2.123456790123457,0.5185185185185185,6.148148148148148,31.3,53.1,53.1,PRM,Europe
Eternal Fire,36,19,17.5,17.083333333333332,2.4444444444444446,0.7777777777777778,6.277777777777778,34.4,52.8,52.8,TCL,Europe
Gen.G Scholars,95,50,19.50526315789474,20.53684210526316,1.7157894736842105,0.3894736842105263,6.7894736842105265,29.7,52.6,52.6,LAS,Latin America
Kawaii Kiwis,38,20,19.63157894736842,17.42105263157895,2.5526315789473686,0.5789473684210527,7.315789473684211,34.9,52.6,52.6,NEXO,Other
Barça eSports,118,62,16.1864406779661,15.398305084745763,2.2711864406779663,0.559322033898305,6.279661016949152,32.1,52.5,52.5,LVP SL,Europe
Bushido Wildcats,71,37,15.732394366197184,14.929577464788732,2.2535211267605635,0.5915492957746479,5.873239436619718,33.7,52.1,52.5,TCL,Europe
CCG Esports,42,22,15.523809523809524,14.976190476190476,2.5238095238095237,0.5714285714285714,6.214285714285714,33.0,52.4,52.4,NACL,North America
Vivo Keyd Stars,69,36,14.884057971014492,14.318840579710145,2.2028985507246377,0.5507246376811594,5.797101449275362,32.7,52.2,52.2,LTA S,Latin America
Team Secret Whales,78,43,15.397435897435898,13.346153846153847,2.6153846153846154,0.48717948717948717,5.871794871794871,33.5,55.1,52.2,LCP,Southeast Asia
FN Esports,27,14,18.444444444444443,17.85185185185185,2.259259259259259,0.5925925925925926,6.333333333333333,31.5,51.9,51.9,AL,Europe
FURIA,67,35,14.567164179104477,12.91044776119403,2.208955223880597,0.5970149253731343,6.223880597014926,32.9,52.2,51.8,LTA S,Latin America
DetonatioN FocusMe Academy,48,24,18.020833333333332,21.083333333333332,1.5,0.2916666666666667,5.104166666666667,29.0,50.0,51.8,LJL,Japan
KT Rolster,134,67,14.559701492537313,14.261194029850746,2.529850746268657,0.5223880597014925,5.3059701492537314,32.3,50.0,51.8,LCK,Korea
RED Canids,63,32,15.73015873015873,13.984126984126984,2.507936507936508,0.47619047619047616,6.444444444444445,33.3,50.8,51.7,LTA S,Latin America
Movistar KOI,109,58,13.98165137614679,12.862385321100918,2.36697247706422,0.6238532110091743,6.229357798165138,33.5,53.2,51.7,LEC,Europe
G2 Hel,31,16,19.193548387096776,18.548387096774192,2.161290322580645,0.7096774193548387,6.903225806451613,33.8,51.6,51.6,NEXO,Other
UCAM Esports,62,32,15.419354838709678,14.919354838709678,2.1451612903225805,0.5967741935483871,6.290322580645161,33.4,51.6,51.6,LVP SL,Europe
ROSSMANN Centaurs,101,52,17.782178217821784,19.198019801980198,2.5445544554455446,0.5445544554455446,6.693069306930693,32.4,51.5,51.5,PRM,Europe
BNK FEARX Youth,154,79,16.857142857142858,16.16883116883117,2.175324675324675,0.525974025974026,5.636363636363637,31.4,51.3,51.0,LCKC,Korea
AVE Axolotl,53,27,16.30188679245283,15.735849056603774,2.150943396226415,0.4528301886792453,5.962264150943396,31.6,50.9,50.9,LIT,Europe
Isurus Estral,38,19,13.736842105263158,15.078947368421053,2.263157894736842,0.42105263157894735,6.2894736842105265,32.7,50.0,50.7,LTA S,Latin America
Kaufland Hangry Knights,75,38,17.373333333333335,15.24,2.1866666666666665,0.49333333333333335,6.573333333333333,31.7,50.7,50.7,PRM,Europe
Flamengo MDL,77,38,16.92207792207792,15.363636363636363,2.5584415584415585,0.5974025974025974,6.194805194805195,33.3,49.4,50.5,CD,Latin America
Bamboo Juice,18,9,20.055555555555557,20.833333333333332,2.4444444444444446,0.3888888888888889,5.944444444444445,29.3,50.0,50.0,LJL,Japan
Leões Porto Salvo Esports,16,8,18.0625,17.3125,2.125,0.4375,5.3125,32.0,50.0,50.0,LPLOL,Other
Gwenchana,10,5,15.9,14.3,1.5,0.0,5.5,29.3,50.0,50.0,CD,Latin America
PSG Talon,92,49,13.880434782608695,12.967391304347826,2.239130434782609,0.6521739130434783,6.3478260869565215,32.7,53.3,50.0,LCP,Southeast Asia
PSG Talon Academy,70,35,18.957142857142856,18.385714285714286,2.0714285714285716,0.4714285714285714,5.857142857142857,31.0,50.0,50.0,PCS,Southeast Asia
Fortress Esports,12,6,17.916666666666668,17.166666666666668,2.9166666666666665,0.5,5.583333333333333,31.8,50.0,50.0,NLC,Europe
Veni Vidi Vici,76,38,14.986842105263158,17.19736842105263,2.4342105263157894,0.5657894736842105,5.934210526315789,31.2,50.0,50.0,LVP SL,Europe
Contrata Logo Meu Time,14,7,17.0,17.857142857142858,1.9285714285714286,0.35714285714285715,6.142857142857143,31.0,50.0,50.0,CD,Latin America
Mental Over Tempo,10,5,17.5,15.1,2.5,0.4,5.7,29.9,50.0,50.0,EBL,Europe
Mila Gaming,16,8,19.9375,19.3125,2.25,0.5,5.3125,29.8,50.0,50.0,VCS,Southeast Asia
Golden Lions,22,11,18.727272727272727,15.772727272727273,2.4545454545454546,0.6363636363636364,5.863636363636363,34.6,50.0,50.0,LRS,Other
Dorado Gaming,24,12,16.166666666666668,15.375,2.0833333333333335,0.4583333333333333,5.708333333333333,31.7,50.0,50.0,NACL,North America
Universae Instituto FP,32,16,14.65625,15.6875,2.28125,0.34375,5.90625,31.0,50.0,50.0,NEXO,Other
Spirit Quartz Gaming,34,17,19.205882352941178,19.352941176470587,2.0,0.6470588235294118,5.5588235294117645,33.4,50.0,50.0,LJL,Japan
Papara SuperMassive,68,34,17.66176470588235,17.279411764705884,2.235294117647059,0.5588235294117647,5.985294117647059,32.8,50.0,49.2,TCL,Europe
Zena Esports,55,27,16.945454545454545,17.418181818181818,2.2181818181818183,0.4909090909090909,5.745454545454545,30.5,49.1,49.1,LIT,Europe
KaBuM! Ilha das Lendas,53,26,15.60377358490566,15.245283018867925,2.056603773584906,0.5094339622641509,6.584905660377358,32.7,49.1,49.1,CD,Latin America
Sicar Esports,40,21,14.475,15.675,2.5,0.675,6.525,33.6,52.5,48.8,LRS,Other
E WIE EINFACH E-SPORTS,78,38,14.884615384615385,16.025641025641026,2.141025641025641,0.46153846153846156,5.961538461538462,32.9,48.7,48.7,PRM,Europe
MGN Vikings Academy,27,12,17.185185185185187,20.85185185185185,2.2962962962962963,0.5555555555555556,5.111111111111111,30.5,44.4,48.6,VCS,Southeast Asia
GTZ Esports,33,16,15.93939393939394,17.333333333333332,2.484848484848485,0.5151515151515151,5.696969696969697,31.9,48.5,48.5,LPLOL,Other
Solary,62,30,15.403225806451612,15.112903225806452,2.403225806451613,0.5645161290322581,5.919354838709677,35.4,48.4,48.4,LFL,Europe
Alpha7 Esports,41,21,14.902439024390244,16.146341463414632,1.8780487804878048,0.5853658536585366,5.439024390243903,31.7,51.2,48.2,CD,Latin America
Myth Esports,56,27,17.5,17.732142857142858,2.375,0.44642857142857145,6.0,31.4,48.2,48.2,ROL,Other
Ninjas in Pyjamas,126,60,15.301587301587302,16.08730158730159,2.1587301587301586,0.626984126984127,5.476190476190476,32.7,47.6,48.1,LPL,China
OKSavingsBank BRION Academy,48,23,17.270833333333332,16.520833333333332,2.0416666666666665,0.5,5.354166666666667,31.2,47.9,47.9,LAS,Latin America
Crusaders,23,11,15.0,17.26086956521739,1.9565217391304348,0.30434782608695654,5.130434782608695,28.3,47.8,47.8,LPLOL,Other
Divernex,38,18,17.36842105263158,18.07894736842105,1.9736842105263157,0.5526315789473685,5.894736842105263,31.8,47.4,47.4,HW,Other
Anubis Gaming,76,36,16.06578947368421,18.36842105263158,1.881578947368421,0.4473684210526316,5.947368421052632,32.4,47.4,47.4,AL,Europe
Team Liquid,69,33,14.159420289855072,13.898550724637682,2.3043478260869565,0.6086956521739131,6.0,32.9,47.8,47.4,LTA N,North America
GiantX,57,27,13.614035087719298,13.578947368421053,2.1052631578947367,0.7368421052631579,6.140350877192983,33.8,47.4,47.4,LEC,Europe
wangting,58,27,22.448275862068964,22.75862068965517,2.0344827586206895,0.4482758620689655,5.620689655172414,29.9,46.6,47.3,PCS,Southeast Asia
Nongshim Esports Academy,105,49,14.59047619047619,15.40952380952381,2.1714285714285713,0.5333333333333333,5.847619047619047,32.8,46.7,47.1,LCKC,Korea
ULF Esports,85,39,15.552941176470588,17.470588235294116,2.152941176470588,0.5411764705882353,5.823529411764706,32.2,45.9,46.9,TCL,Europe
Beşiktaş Esports,60,28,15.683333333333334,15.1,2.2333333333333334,0.48333333333333334,6.0,33.8,46.7,46.9,TCL,Europe
Ramboot Club,49,23,16.346938775510203,16.6734693877551,2.204081632653061,0.42857142857142855,5.8979591836734695,32.4,46.9,46.9,LVP SL,Europe
GMBLERS Esports,62,29,15.419354838709678,16.096774193548388,2.338709677419355,0.45161290322580644,5.82258064516129,31.0,46.8,46.8,LIT,Europe
Saigon Secret,37,17,16.18918918918919,17.675675675675677,2.027027027027027,0.40540540540540543,5.648648648648648,30.8,45.9,46.8,VCS,Southeast Asia
LGD Gaming,79,38,14.734177215189874,15.594936708860759,2.2658227848101267,0.5189873417721519,5.531645569620253,32.0,48.1,46.8,LPL,China
GnG Amazigh,90,42,16.133333333333333,17.88888888888889,2.2111111111111112,0.5555555555555556,5.877777777777778,31.8,46.7,46.7,AL,Europe
Kaeru Gyuangu,15,7,18.266666666666666,20.0,2.1333333333333333,0.4666666666666667,5.866666666666666,33.6,46.7,46.7,LFL2,Europe
Tan'i eSports CZ,58,27,16.03448275862069,17.689655172413794,2.3793103448275863,0.43103448275862066,6.0344827586206895,31.9,46.6,46.6,HM,Europe
Weibo Gaming,160,74,14.74375,14.6625,2.19375,0.4875,5.73125,32.5,46.2,46.2,LPL,China
For The Win Esports,26,12,19.76923076923077,19.46153846153846,2.1923076923076925,0.5384615384615384,6.153846153846154,30.6,46.2,46.2,LPLOL,Other
Top Esports Challenger,13,6,17.307692307692307,16.846153846153847,2.1538461538461537,0.46153846153846156,5.384615384615385,29.3,46.2,46.2,Asia Master,Other
BNK FEARX,127,61,15.456692913385826,15.834645669291339,2.220472440944882,0.47244094488188976,5.84251968503937,31.3,48.0,46.1,LCK,Korea
Movistar KOI Fénix,50,23,15.16,14.5,1.94,0.54,6.1,33.0,46.0,46.0,LVP SL,Europe
GAM Esports,100,48,13.39,13.76,2.26,0.47,5.71,33.1,48.0,46.0,LCP,Southeast Asia
Bulldog Esports,46,21,18.043478260869566,18.782608695652176,2.0434782608695654,0.43478260869565216,5.586956521739131,33.4,45.7,45.7,NLC,Europe
Anyone's Legend.Young,11,5,17.90909090909091,16.363636363636363,1.5454545454545454,0.18181818181818182,5.090909090909091,28.5,45.5,45.5,Asia Master,Other
Guinea Pink,33,15,16.545454545454547,17.0,2.0,0.6060606060606061,6.2727272727272725,33.0,45.5,45.5,NEXO,Other
Keypulse Esports,22,10,17.90909090909091,17.09090909090909,2.3636363636363638,0.5909090909090909,5.863636363636363,31.8,45.5,45.5,LPLOL,Other
Zenshi Gaming,11,5,15.272727272727273,17.181818181818183,2.6363636363636362,0.36363636363636365,4.545454545454546,34.1,45.5,45.5,NACL,North America
Weibo Gaming Youth Team,11,5,14.636363636363637,14.090909090909092,2.090909090909091,0.36363636363636365,5.2727272727272725,30.3,45.5,45.5,Asia Master,Other
Once Upon A Team,53,24,14.150943396226415,16.132075471698112,2.169811320754717,0.41509433962264153,5.226415094339623,32.4,45.3,45.3,ROL,Other
Malvinas Gaming,20,9,16.65,18.95,1.95,0.5,5.5,32.7,45.0,45.0,LRS,Other
Hanwha Life Esports Challengers,105,47,15.752380952380953,15.152380952380952,2.219047619047619,0.5523809523809524,5.4,32.7,44.8,44.9,LCKC,Korea
Blue Otter,47,21,14.72340425531915,15.0,2.276595744680851,0.574468085106383,5.23404255319149,34.5,44.7,44.7,NACL,North America
Team Insidious,65,29,17.26153846153846,17.29230769230769,2.3692307692307693,0.5076923076923077,5.984615384615385,32.4,44.6,44.6,HLL,Europe
CTBC Flying Oyster Academy,65,29,16.446153846153845,20.46153846153846,1.9846153846153847,0.36923076923076925,5.769230769230769,30.8,44.6,44.6,PCS,Southeast Asia
The Secret Club,27,12,18.59259259259259,20.962962962962962,1.7777777777777777,0.2962962962962963,5.222222222222222,29.6,44.4,44.4,EBL,Europe
Ethereal Enigmas,63,28,19.0,21.015873015873016,2.5396825396825395,0.5079365079365079,5.682539682539683,31.9,44.4,44.4,HC,Other
DKB XPERION NXT,18,8,20.055555555555557,20.555555555555557,2.388888888888889,0.5,6.222222222222222,32.0,44.4,44.4,PRM,Europe
Supernova,45,20,13.555555555555555,17.6,2.022222222222222,0.4888888888888889,6.288888888888889,32.4,44.4,44.4,NACL,North America
Team Vitality,52,23,13.961538461538462,15.288461538461538,2.1538461538461537,0.5961538461538461,6.0576923076923075,34.3,44.2,44.2,LEC,Europe
Rich Gang,43,19,14.581395348837209,16.58139534883721,2.0,0.4186046511627907,5.72093023255814,30.7,44.2,44.2,NLC,Europe
Barcząca Esports,16,7,17.375,20.75,2.5,0.5625,5.1875,31.8,43.8,43.8,RL,Other
WAP Esports,32,14,13.6875,16.71875,2.1875,0.53125,5.59375,32.9,43.8,43.8,LRS,Other
Underworld Esports,16,7,13.375,15.875,2.4375,0.75,6.0625,32.2,43.8,43.8,LIT,Europe
Fox Gaming,55,24,15.89090909090909,16.70909090909091,2.1272727272727274,0.6545454545454545,5.6909090909090905,33.2,43.6,43.6,AL,Europe
PÊEK Gaming,23,10,15.73913043478261,18.782608695652176,2.5652173913043477,0.6086956521739131,6.434782608695652,35.6,43.5,43.5,LRN,Other
Team UNiTY,53,23,17.30188679245283,16.50943396226415,2.150943396226415,0.5849056603773585,6.188679245283019,32.1,43.4,43.4,HM,Europe
Eintracht Frankfurt,53,23,15.264150943396226,17.132075471698112,2.30188679245283,0.7735849056603774,5.962264150943396,33.8,43.4,43.4,PRM,Europe
Gen.G Global Academy,130,56,14.4,16.746153846153845,2.123076923076923,0.4,5.569230769230769,31.9,43.1,43.3,LCKC,Korea
Jörmungang,44,19,15.272727272727273,20.431818181818183,1.9545454545454546,0.5,5.7272727272727275,31.7,43.2,43.2,ROL,Other
Fog Esports,58,25,16.844827586206897,18.689655172413794,2.1551724137931036,0.46551724137931033,5.586206896551724,31.4,43.1,43.1,AL,Europe
Green Dolphin Gaming,21,9,14.857142857142858,17.761904761904763,2.2857142857142856,0.5714285714285714,5.857142857142857,33.2,42.9,42.9,NEXO,Other
Icon Esports,14,6,14.642857142857142,19.357142857142858,2.357142857142857,0.5714285714285714,4.642857142857143,31.0,42.9,42.9,LRN,Other
BeFive,47,20,16.680851063829788,22.02127659574468,1.6170212765957446,0.425531914893617,5.382978723404255,29.4,42.6,42.6,EBL,Europe
One More Esports,68,29,16.779411764705884,19.014705882352942,2.25,0.5294117647058824,5.352941176470588,32.2,42.6,42.6,AL,Europe
Corinthians Esports,52,22,14.096153846153847,16.01923076923077,2.2115384615384617,0.4423076923076923,6.153846153846154,33.5,42.3,42.3,CD,Latin America
Team Paradox,52,22,15.307692307692308,20.134615384615383,1.9038461538461537,0.40384615384615385,5.75,32.2,42.3,42.3,HLL,Europe
Dplus KIA Challengers,110,46,14.563636363636364,17.509090909090908,2.2636363636363637,0.4636363636363636,4.381818181818182,32.7,41.8,42.3,LCKC,Korea
Austrian Force willhaben,64,27,15.796875,16.546875,2.265625,0.53125,5.9375,32.0,42.2,42.2,PRM,Europe
Night Cap,12,5,17.5,17.666666666666668,2.3333333333333335,0.5,5.166666666666667,34.6,41.7,41.7,LJL,Japan
Grow uP eSports,12,5,16.916666666666668,23.333333333333332,1.5833333333333333,0.5,5.333333333333333,30.8,41.7,41.7,LPLOL,Other
BAAM Esports,77,32,18.285714285714285,18.844155844155843,2.1948051948051948,0.5584415584415584,6.0519480519480515,32.4,41.6,41.6,AL,Europe
Lille Esport,41,17,16.073170731707318,18.902439024390244,2.4390243902439024,0.5609756097560976,5.682926829268292,32.3,41.5,41.5,LFL2,Europe
Shopify Rebellion,63,26,12.047619047619047,15.444444444444445,2.0952380952380953,0.5238095238095238,4.9523809523809526,34.9,41.3,41.3,LTA N,North America
e-Champ Gaming,17,7,15.235294117647058,17.941176470588236,2.0,0.47058823529411764,5.647058823529412,33.1,41.2,41.2,CD,Latin America
Caldya Esport,17,7,16.764705882352942,17.705882352941178,2.4705882352941178,0.7647058823529411,5.705882352941177,34.5,41.2,41.2,LFL2,Europe
Ruddy Esports,39,16,15.897435897435898,18.05128205128205,1.9230769230769231,0.3333333333333333,5.461538461538462,31.2,41.0,41.0,NLC,Europe
SDM Tigres,38,18,15.368421052631579,16.05263157894737,1.763157894736842,0.4473684210526316,5.684210526315789,30.9,47.4,40.9,LRN,Other
Nongshim RedForce,144,60,13.972222222222221,17.11111111111111,1.7083333333333333,0.5138888888888888,5.694444444444445,31.0,41.7,40.6,LCK,Korea
ZGDX Gaming,10,4,15.3,18.4,2.1,0.8,4.7,32.1,40.0,40.0,CD,Latin America
WLGaming Esports,40,16,17.95,19.025,2.175,0.4,5.8,33.1,40.0,40.0,HLL,Europe
DCT eSports,10,4,18.2,17.2,2.5,0.4,6.6,34.5,40.0,40.0,LRN,Other
Sponge Gaming,10,4,22.0,21.3,2.0,0.4,5.5,31.4,40.0,40.0,PCS,Southeast Asia
Dynamo Eclot,35,14,14.257142857142858,18.82857142857143,2.057142857142857,0.5714285714285714,5.714285714285714,33.4,40.0,40.0,HM,Europe
A One Man Army,48,19,14.291666666666666,18.625,2.0833333333333335,0.375,5.479166666666667,32.3,39.6,39.6,ROL,Other
BBL Dark Passage,53,21,15.320754716981131,16.09433962264151,2.2641509433962264,0.6226415094339622,5.037735849056604,34.2,39.6,39.6,TCL,Europe
Kareha Children,43,17,16.13953488372093,21.25581395348837,2.2093023255813953,0.3023255813953488,5.209302325581396,32.4,39.5,39.5,LJL,Japan
DRX,101,40,13.188118811881187,16.475247524752476,2.0297029702970297,0.5445544554455446,4.881188118811881,33.2,39.6,39.4,LCK,Korea
SN CyberCore Esports,28,11,14.821428571428571,18.357142857142858,1.6428571428571428,0.39285714285714285,4.142857142857143,30.3,39.3,39.3,VCS,Southeast Asia
Team WE,141,54,14.26241134751773,16.872340425531913,2.0709219858156027,0.46808510638297873,4.921985815602837,31.8,38.3,39.2,LPL,China
BNK FEARX Academy,51,20,18.372549019607842,19.19607843137255,1.5686274509803921,0.43137254901960786,5.509803921568627,29.3,39.2,39.2,LAS,Latin America
Andromeda Gaming,23,9,17.0,20.434782608695652,1.8695652173913044,0.34782608695652173,5.3478260869565215,30.7,39.1,39.1,HC,Other
Oh My God,53,23,14.471698113207546,15.39622641509434,2.056603773584906,0.4339622641509434,4.962264150943396,32.9,43.4,38.8,LPL,China
LYON Academy,31,12,17.806451612903224,18.806451612903224,1.8709677419354838,0.6451612903225806,6.290322580645161,32.3,38.7,38.7,LRN,Other
Leviatan,40,15,11.9,14.65,1.475,0.475,4.775,33.3,37.5,38.5,LTA S,Latin America
Disguised,47,18,10.914893617021276,16.872340425531913,2.106382978723404,0.46808510638297873,4.9361702127659575,33.3,38.3,38.3,LTA N,North America
OKSavingsBank BRION,105,40,12.895238095238096,14.228571428571428,2.0285714285714285,0.37142857142857144,4.704761904761905,32.3,38.1,38.3,LCK,Korea
MY STAR,34,13,14.529411764705882,18.352941176470587,1.8823529411764706,0.47058823529411764,5.029411764705882,32.4,38.2,38.2,RL,Other
Karmine Corp Blue Stars,42,16,14.5,17.88095238095238,1.7142857142857142,0.4523809523809524,4.928571428571429,32.8,38.1,38.1,LFL2,Europe
Dynamo Eclot Talents,29,11,14.206896551724139,18.620689655172413,2.2413793103448274,0.41379310344827586,4.517241379310345,31.3,37.9,37.9,HC,Other
EDG Youth Team,16,6,17.125,18.9375,2.25,0.375,4.375,29.5,37.5,37.5,Asia Master,Other
Dream Makers,16,6,13.6875,20.5,1.875,0.5,5.625,33.0,37.5,37.5,NEXO,Other
DMG Esports,40,15,14.3,16.375,1.95,0.375,4.825,30.3,37.5,37.5,NLC,Europe
Lundqvist Lightside,35,13,15.17142857142857,20.457142857142856,2.2,0.37142857142857144,5.314285714285714,30.8,37.1,37.1,NLC,Europe
Team Heretics,54,20,10.703703703703704,14.796296296296296,2.1666666666666665,0.37037037037037035,4.62962962962963,33.3,37.0,37.0,LEC,Europe
Ultra Prime,75,28,12.613333333333333,14.893333333333333,2.1466666666666665,0.5066666666666667,4.72,32.4,37.3,36.6,LPL,China
Winthrop University,47,17,13.76595744680851,15.106382978723405,2.0851063829787235,0.5531914893617021,5.319148936170213,33.8,36.2,36.2,NACL,North America
OKSavingsBank BRION Challengers,96,34,12.9375,16.59375,1.7708333333333333,0.5,4.8125,32.3,35.4,36.1,LCKC,Korea
Team BDS,50,18,13.88,15.42,2.3,0.64,5.5,35.1,36.0,36.0,LEC,Europe
Joblife,48,17,13.166666666666666,15.5625,2.3125,0.5208333333333334,4.708333333333333,33.8,35.4,35.4,LFL,Europe
Vortex (Japanese Team),17,6,18.58823529411765,18.529411764705884,1.9411764705882353,0.5882352941176471,5.117647058823529,31.4,35.3,35.3,LJL,Japan
Monta Club,34,12,17.029411764705884,20.58823529411765,2.0294117647058822,0.6176470588235294,6.411764705882353,35.4,35.3,35.3,NEXO,Other
Cupid Esports,17,6,15.352941176470589,19.058823529411764,1.7647058823529411,0.7058823529411765,5.882352941176471,34.7,35.3,35.3,NACL,North America
ThunderTalk Gaming,105,37,12.466666666666667,16.771428571428572,1.8666666666666667,0.4,4.6761904761904765,31.5,35.2,35.0,LPL,China
LNG Esports,67,26,12.08955223880597,14.805970149253731,1.8507462686567164,0.34328358208955223,4.7611940298507465,32.7,38.8,35.0,LPL,China
Eintracht Spandau,49,17,17.142857142857142,19.224489795918366,1.8979591836734695,0.5714285714285714,5.6938775510204085,33.3,34.7,34.7,PRM,Europe
Never Give Up,26,9,15.653846153846153,21.153846153846153,2.076923076923077,0.4230769230769231,5.038461538461538,31.5,34.6,34.6,VCS,Southeast Asia
RATZ,29,10,15.068965517241379,19.862068965517242,2.0344827586206895,0.6206896551724138,5.793103448275862,34.9,34.5,34.5,CD,Latin America
DOCISK,32,11,18.65625,19.6875,2.3125,0.4375,4.8125,32.5,34.4,34.4,RL,Other
Zerance,47,16,13.957446808510639,17.851063829787233,2.0,0.3617021276595745,4.829787234042553,31.9,34.0,34.0,LFL2,Europe
Zerolag Esports,39,13,15.076923076923077,20.128205128205128,2.3333333333333335,0.41025641025641024,4.461538461538462,30.9,33.3,33.3,HLL,Europe
Bilibili Gaming Junior,15,5,16.133333333333333,16.933333333333334,1.4666666666666666,0.2,4.533333333333333,30.7,33.3,33.3,Asia Master,Other
Seven Dark,27,9,14.814814814814815,18.074074074074073,1.8518518518518519,0.5555555555555556,4.407407407407407,32.0,33.3,33.3,LRS,Other
LYON,33,11,12.909090909090908,14.484848484848484,2.393939393939394,0.36363636363636365,5.454545454545454,33.5,33.3,33.3,LTA N,North America
Hanoi Rookies Esports,12,4,18.083333333333332,20.333333333333332,1.4166666666666667,0.25,5.25,29.5,33.3,33.3,VCS,Southeast Asia
Nongshim RedForce Academy,103,34,17.07766990291262,21.038834951456312,1.796116504854369,0.33980582524271846,4.456310679611651,30.6,33.0,33.0,LAS,Latin America
Delta Syndicate,43,14,18.348837209302324,17.813953488372093,2.5348837209302326,0.46511627906976744,5.232558139534884,31.9,32.6,32.6,HC,Other
Apex Mission Impossible,37,12,13.432432432432432,16.513513513513512,2.027027027027027,0.4864864864864865,4.864864864864865,34.0,32.4,32.4,NACL,North America
Royal Never Give Up,31,10,12.03225806451613,16.096774193548388,1.8387096774193548,0.3548387096774194,4.483870967741935,33.7,32.3,32.3,LPL,China
FunPlus Phoenix,115,37,13.678260869565218,17.556521739130435,1.9739130434782608,0.3739130434782609,4.608695652173913,32.6,32.2,32.2,LPL,China
GLORE,50,16,15.96,20.38,1.82,0.34,5.1,30.4,32.0,32.0,HM,Europe
Fukuoka SoftBank HAWKS gaming,54,17,12.055555555555555,18.296296296296298,1.4814814814814814,0.4074074074074074,4.351851851851852,31.3,31.5,31.5,LCP,Southeast Asia
Actions Per Minute,45,14,14.822222222222223,19.0,1.8444444444444446,0.35555555555555557,4.933333333333334,31.2,31.1,31.1,HLL,Europe
Skillcamp,52,16,13.615384615384615,18.26923076923077,1.9615384615384615,0.34615384615384615,4.846153846153846,31.7,30.8,30.8,LFL2,Europe
NextGeneration Esports,10,3,20.6,22.2,2.2,0.8,5.7,33.6,30.0,30.0,AL,Europe
Lenovo Legion Honvéd,30,9,18.9,24.766666666666666,2.2,0.36666666666666664,4.233333333333333,30.8,30.0,30.0,EBL,Europe
Silent Storm Esports,10,3,17.2,25.1,2.2,0.3,4.3,28.6,30.0,30.0,VCS,Southeast Asia
Zer0 Trein0,10,3,14.6,23.8,1.9,0.4,3.9,34.6,30.0,30.0,CD,Latin America
Team BDS Academy,47,14,15.02127659574468,19.148936170212767,1.9361702127659575,0.425531914893617,5.0212765957446805,32.4,29.8,29.8,LFL,Europe
Venomcrest Esports,31,9,13.935483870967742,21.032258064516128,1.7741935483870968,0.3548387096774194,4.516129032258065,31.4,29.0,29.0,NLC,Europe
Orbit Anonymo Esports,49,14,13.204081632653061,18.714285714285715,2.0816326530612246,0.40816326530612246,4.1020408163265305,32.9,28.6,28.6,RL,Other
BraVeLY,42,12,15.452380952380953,20.095238095238095,1.6666666666666667,0.30952380952380953,4.285714285714286,30.1,28.6,28.6,LJL,Japan
Magaza Esports,14,4,13.785714285714286,20.357142857142858,1.7857142857142858,0.14285714285714285,4.285714285714286,30.2,28.6,28.6,EBL,Europe
Ground Zero Gaming,57,16,17.350877192982455,21.54385964912281,1.7017543859649122,0.42105263157894735,4.12280701754386,30.6,28.1,28.1,PCS,Southeast Asia
EKO Esports,37,10,14.891891891891891,20.81081081081081,1.837837837837838,0.4864864864864865,4.675675675675675,31.1,27.0,27.0,LIT,Europe
V3 Esports,26,7,13.461538461538462,19.73076923076923,1.8076923076923077,0.15384615384615385,4.653846153846154,29.9,26.9,26.9,LJL,Japan
DetonatioN FocusMe,53,14,12.09433962264151,16.452830188679247,1.830188679245283,0.2830188679245283,3.981132075471698,31.9,26.4,26.4,LCP,Southeast Asia
KAOS e-sport,38,10,15.605263157894736,22.13157894736842,1.6578947368421053,0.2894736842105263,4.131578947368421,30.4,26.3,26.3,NLC,Europe
GameWard,43,11,10.116279069767442,16.11627906976744,2.0930232558139537,0.3488372093023256,3.697674418604651,33.0,25.6,25.6,LFL,Europe
Dignitas,39,10,10.897435897435898,15.256410256410257,1.794871794871795,0.358974358974359,4.358974358974359,34.4,25.6,25.6,LTA N,North America
ODD Esports,36,9,13.86111111111111,23.055555555555557,1.9166666666666667,0.3333333333333333,4.166666666666667,30.9,25.0,25.0,LRN,Other
Fractious eSports,12,3,12.25,18.166666666666668,2.25,0.5833333333333334,4.75,32.9,25.0,25.0,NEXO,Other
Pulse Star,32,8,11.75,20.0625,1.59375,0.34375,3.96875,30.2,25.0,25.0,NACL,North America
Priority,16,4,15.9375,22.875,1.9375,0.3125,4.125,32.9,25.0,25.0,HC,Other
DN Freecs,96,23,11.25,16.125,1.6458333333333333,0.3125,3.9791666666666665,32.6,24.0,23.9,LCK,Korea
Rise Gaming,38,9,12.289473684210526,15.947368421052632,2.263157894736842,0.42105263157894735,4.7368421052631575,34.8,23.7,23.7,CD,Latin America
BRUTE,38,9,13.552631578947368,20.05263157894737,1.8421052631578947,0.4473684210526316,3.9473684210526314,31.2,23.7,23.7,HM,Europe
VelbeliKaizokudan,38,9,14.31578947368421,22.157894736842106,1.4210526315789473,0.2894736842105263,4.2631578947368425,31.5,23.7,23.7,LJL,Japan
Guasones,34,8,10.735294117647058,16.441176470588236,1.7941176470588236,0.29411764705882354,3.8529411764705883,30.2,23.5,23.5,LVP SL,Europe
aNc Legends,30,7,13.4,19.166666666666668,1.8,0.4,4.266666666666667,31.7,23.3,23.3,LIT,Europe
Team Evermeet,22,5,15.0,19.0,2.0,0.2727272727272727,4.954545454545454,31.8,22.7,22.7,LRS,Other
LODIS,32,7,13.65625,18.71875,2.28125,0.5625,4.46875,35.2,21.9,21.9,RL,Other
SK Gaming,37,8,8.945945945945946,17.35135135135135,1.6756756756756757,0.24324324324324326,4.081081081081081,31.8,21.6,21.6,LEC,Europe
HELL PIGS,56,12,16.767857142857142,26.839285714285715,1.4642857142857142,0.21428571428571427,3.767857142857143,28.9,21.4,21.4,PCS,Southeast Asia
EXILE esports,38,8,12.526315789473685,20.31578947368421,1.5526315789473684,0.3157894736842105,3.6842105263157894,31.5,21.1,21.1,HM,Other
Nigma Galaxy,29,6,17.862068965517242,23.275862068965516,1.5517241379310345,0.1724137931034483,3.2413793103448274,30.6,20.7,20.7,AL,Europe
Rogue,29,6,11.517241379310345,16.20689655172414,2.3448275862068964,0.5517241379310345,4.793103448275862,35.1,20.7,20.7,LEC,Europe
Hurricane of Feathers,15,3,14.133333333333333,23.866666666666667,1.5333333333333334,0.2,3.7333333333333334,32.3,20.0,20.0,LPLOL,Other
devils.one,15,3,13.733333333333333,18.133333333333333,1.8,0.4,4.2,33.6,20.0,20.0,RL,Other
PRINCIPALITY,10,2,13.1,24.1,1.6,0.5,3.7,32.5,20.0,20.0,NEXO,Other
Black Dog,10,2,17.4,21.0,2.1,0.0,4.5,32.0,20.0,20.0,LJL,Japan
Chiefs Esports Club,51,10,10.196078431372548,16.235294117647058,1.3725490196078431,0.3333333333333333,3.450980392156863,31.1,19.6,19.6,LCP,Southeast Asia
ZETA,27,5,9.925925925925926,20.333333333333332,1.7037037037037037,0.1111111111111111,3.4074074074074074,29.1,18.5,18.5,LVP SL,Europe
Gaming Barcelona,18,3,12.944444444444445,20.72222222222222,1.8888888888888888,0.3333333333333333,3.5555555555555554,31.6,16.7,16.7,NEXO,Other
Team Refuse,18,3,13.666666666666666,23.944444444444443,1.7777777777777777,0.4444444444444444,4.222222222222222,31.6,16.7,16.7,HLL,Europe
Lupus Esports,25,4,13.12,20.52,1.2,0.2,3.4,28.6,16.0,16.0,EBL,Europe
Aurora,44,7,12.590909090909092,20.863636363636363,1.5681818181818181,0.18181818181818182,3.9318181818181817,30.8,15.9,15.9,ROL,Other
CORE 128,14,2,12.714285714285714,18.928571428571427,2.4285714285714284,0.2857142857142857,3.7142857142857144,34.8,14.3,14.3,NEXO,Other
Vancouver Impact,14,2,11.0,22.285714285714285,1.5714285714285714,0.5,3.642857142857143,34.1,14.3,14.3,NACL,North America
Hands,28,4,9.035714285714286,22.571428571428573,1.1785714285714286,0.14285714285714285,2.357142857142857,27.0,14.3,14.3,LJL,Japan
Fluxo W7M,30,4,9.466666666666667,16.466666666666665,1.7666666666666666,0.2,3.1333333333333333,32.0,13.3,13.3,LTA S,Latin America
ZeroZone Gaming,15,2,14.133333333333333,22.133333333333333,1.2,0.4,4.0,32.5,13.3,13.3,LPLOL,Other
Radical Pop Gaming,22,2,11.863636363636363,24.59090909090909,1.0454545454545454,0.13636363636363635,1.6818181818181819,28.3,9.1,9.1,LJL,Japan
Hungkuang Falcon (弘光獵鷹),18,1,13.11111111111111,25.72222222222222,0.6666666666666666,0.05555555555555555,2.2777777777777777,27.6,5.6,5.6,PCS,Southeast Asia
DRX Academy,93,5,10.903225806451612,22.655913978494624,0.8387096774193549,0.10752688172043011,1.989247311827957,28.5,5.4,5.4,LAS,Latin America
The Forbidden Five,14,0,8.5,21.428571428571427,1.1428571428571428,0.0,1.5714285714285714,29.3,0.0,0.0,TCL,Europe
BloomStorm,10,0,8.2,25.5,0.9,0.1,1.7,28.0,0.0,0.0,LJL,Japan
Connect Arena Esports,16,0,11.0,27.1875,0.625,0.0,1.25,26.4,0.0,0.0,EBL,Europe
