team,games,winrate,avg_kills,avg_deaths,avg_dragons,avg_barons,avg_towers,avg_gamelength
Team Tockers,1,1.0,35.0,26.0,0.0,1.0,10.0,1743.0
Temper & Friends,3,1.0,20.666666666666668,11.333333333333334,3.3333333333333335,0.0,8.666666666666666,1868.3333333333333
Apex Predator,5,1.0,23.4,13.8,2.8,0.8,8.8,1876.4
NGU eSports,3,1.0,28.333333333333332,14.333333333333334,2.6666666666666665,0.3333333333333333,8.666666666666666,1868.3333333333333
Geekay Esports,95,0.8315789473684211,20.526315789473685,12.021052631578947,2.4526315789473685,0.6526315789473685,8.473684210526315,1804.3894736842105
Los Ratones,109,0.7981651376146789,17.908256880733944,12.899082568807339,2.926605504587156,0.7339449541284404,8.055045871559633,1905.7339449541284
Macko Esports,19,0.7894736842105263,18.63157894736842,11.789473684210526,2.0,0.631578947368421,8.526315789473685,1862.578947368421
Hyper Vortex Esports,14,0.7857142857142857,19.642857142857142,13.928571428571429,2.642857142857143,0.7857142857142857,8.214285714285714,2005.5
LEO,14,0.7857142857142857,25.285714285714285,18.642857142857142,2.142857142857143,0.42857142857142855,7.857142857142857,1838.4285714285713
REJECT,60,0.7833333333333333,21.533333333333335,12.333333333333334,2.55,0.6666666666666666,8.266666666666667,1775.1833333333334
BERZLOY,4,0.75,23.5,17.5,3.0,1.0,7.0,1947.0
SINS Esports,8,0.75,22.375,14.25,3.0,0.625,8.125,1919.625
Luminosity Gaming,64,0.75,17.75,9.296875,2.9375,0.75,7.84375,1952.671875
T1 Esports Academy Rookies,122,0.7295081967213115,22.0,13.245901639344263,2.5737704918032787,0.6065573770491803,7.663934426229508,1836.655737704918
Dream in 24,40,0.725,24.2,15.95,2.525,0.375,7.675,1710.525
RED Academy,47,0.723404255319149,18.829787234042552,14.340425531914894,2.6808510638297873,0.6808510638297872,7.23404255319149,1931.340425531915
FlameHard,54,0.7222222222222222,21.796296296296298,17.444444444444443,2.574074074074074,0.6666666666666666,8.537037037037036,1923.2962962962963
Nocturne Gale,50,0.72,21.36,14.62,2.94,0.7,7.58,1950.62
Team WE Academy,7,0.7142857142857143,24.0,14.857142857142858,3.142857142857143,0.8571428571428571,7.857142857142857,2131.4285714285716
Oh My God Academy,7,0.7142857142857143,19.714285714285715,9.857142857142858,2.2857142857142856,0.14285714285714285,6.857142857142857,1660.857142857143
Berlin International Gaming,103,0.7087378640776699,19.436893203883496,13.37864077669903,2.3980582524271843,0.6601941747572816,7.766990291262136,1844.2718446601941
Deep Cross Gaming,122,0.7049180327868853,21.614754098360656,14.87704918032787,2.5901639344262297,0.4672131147540984,7.032786885245901,1756.0
FlyQuest,91,0.7032967032967034,16.384615384615383,12.274725274725276,2.6263736263736264,0.6923076923076923,7.230769230769231,1993.4945054945056
Gen.G,167,0.7005988023952096,16.095808383233532,12.1437125748503,2.586826347305389,0.6287425149700598,7.07185628742515,1920.245508982036
LNG Academy,10,0.7,21.6,16.7,1.5,0.5,6.9,1676.6
Kiedyś Miałem Fun,26,0.6923076923076923,20.423076923076923,16.884615384615383,2.1153846153846154,0.6538461538461539,8.0,1968.8846153846155
Team Phantasma,94,0.6914893617021277,20.25531914893617,14.702127659574469,2.648936170212766,0.723404255319149,7.659574468085107,1929.6702127659576
KT Rolster Challengers,129,0.689922480620155,19.790697674418606,14.790697674418604,2.7751937984496124,0.49612403100775193,7.1937984496124034,1880.6899224806202
GIANTX Pride,87,0.6896551724137931,17.275862068965516,13.195402298850574,2.4367816091954024,0.7816091954022989,7.64367816091954,1977.9195402298851
Esprit Shōnen,76,0.6842105263157895,19.31578947368421,15.973684210526315,2.789473684210526,0.7368421052631579,7.828947368421052,1962.407894736842
Nightbirds,82,0.6829268292682927,18.573170731707318,14.378048780487806,2.4390243902439024,0.6219512195121951,7.780487804878049,1882.3536585365853
Otter Side,22,0.6818181818181818,19.954545454545453,14.363636363636363,2.590909090909091,0.8181818181818182,7.318181818181818,1887.4545454545455
CTBC Flying Oyster,119,0.6722689075630253,15.378151260504202,11.77310924369748,2.6218487394957983,0.6302521008403361,7.184873949579832,1915.2016806722688
Karmine Corp Blue,127,0.6692913385826772,17.086614173228348,12.913385826771654,2.8031496062992125,0.7952755905511811,7.7795275590551185,1969.4409448818897
Venus Gaming,6,0.6666666666666666,23.833333333333332,22.666666666666668,1.6666666666666667,0.6666666666666666,7.166666666666667,1824.6666666666667
LEO Esports,3,0.6666666666666666,25.0,18.0,1.6666666666666667,1.3333333333333333,8.0,1836.6666666666667
LGD Gaming Young Team,9,0.6666666666666666,18.666666666666668,15.555555555555555,2.5555555555555554,0.5555555555555556,6.777777777777778,1883.7777777777778
FUSION (Latin American Team),9,0.6666666666666666,20.666666666666668,15.777777777777779,2.0,0.6666666666666666,7.555555555555555,1861.3333333333333
Cusprills,15,0.6666666666666666,19.066666666666666,13.933333333333334,2.8666666666666667,0.9333333333333333,8.0,2043.1333333333334
Vivo Keyd Stars Academy,56,0.6607142857142857,17.267857142857142,12.732142857142858,2.642857142857143,0.6607142857142857,7.339285714285714,1942.4285714285713
inf,29,0.6551724137931034,18.655172413793103,15.206896551724139,2.5172413793103448,0.5862068965517241,6.931034482758621,1963.0
Misa Esports,95,0.6526315789473685,18.326315789473686,15.010526315789473,2.305263157894737,0.6526315789473685,7.178947368421053,1909.9157894736843
Team Valiant,46,0.6521739130434783,18.73913043478261,12.891304347826088,2.5217391304347827,0.6521739130434783,7.434782608695652,1874.108695652174
Deltan Gaming,37,0.6486486486486487,22.27027027027027,15.945945945945946,2.5675675675675675,0.4594594594594595,6.783783783783784,1721.162162162162
Saigon Dino,51,0.6470588235294118,20.11764705882353,15.0,2.803921568627451,0.6470588235294118,6.803921568627451,1939.4117647058824
eQuizers,17,0.6470588235294118,15.941176470588236,15.647058823529411,2.7058823529411766,1.0,7.176470588235294,2110.705882352941
Hanwha Life Esports,169,0.6449704142011834,17.14792899408284,13.934911242603551,2.437869822485207,0.6153846153846154,6.715976331360947,1932.7278106508875
Crvena zvezda Esports,90,0.6444444444444445,19.6,15.744444444444444,2.4444444444444446,0.5,7.311111111111111,1838.7333333333333
Zero Tenacity,104,0.6442307692307693,18.76923076923077,15.490384615384615,1.6923076923076923,0.5192307692307693,7.048076923076923,1865.9615384615386
KIA.eSuba Academy,81,0.6419753086419753,19.987654320987655,18.02469135802469,1.962962962962963,0.6172839506172839,7.0,1886.9382716049383
DarkZero Dragonsteel,53,0.6415094339622641,17.566037735849058,13.11320754716981,2.490566037735849,0.5094339622641509,7.169811320754717,2007.4905660377358
QT DIG∞,64,0.640625,18.875,13.453125,2.34375,0.421875,7.375,1756.828125
Cloud9,75,0.64,16.386666666666667,12.026666666666667,2.6133333333333333,0.7333333333333333,6.8133333333333335,1959.84
ZennIT,75,0.64,17.64,13.773333333333333,2.3866666666666667,0.6,7.1066666666666665,1904.24
We Can Win,11,0.6363636363636364,18.90909090909091,14.909090909090908,2.1818181818181817,0.6363636363636364,6.818181818181818,1810.6363636363637
KT Rolster Academy,74,0.6351351351351351,20.513513513513512,17.10810810810811,2.6621621621621623,0.5,7.22972972972973,1849.5675675675675
eSuba,98,0.6326530612244898,18.091836734693878,15.53061224489796,2.2755102040816326,0.5714285714285714,6.775510204081633,1840.1938775510205
Near Airport,38,0.631578947368421,16.157894736842106,13.789473684210526,2.8947368421052633,0.6842105263157895,7.447368421052632,2036.7105263157894
T1,187,0.6310160427807486,16.732620320855617,13.807486631016042,2.406417112299465,0.6256684491978609,6.641711229946524,1914.2941176470588
Anyone's Legend,186,0.6290322580645161,17.155913978494624,13.25268817204301,2.3978494623655915,0.6505376344086021,6.424731182795699,1954.5645161290322
Partizan Sangal,70,0.6285714285714286,17.84285714285714,13.757142857142858,2.742857142857143,0.5428571428571428,7.142857142857143,1844.0
Farenvehn,59,0.6271186440677966,16.864406779661017,14.135593220338983,2.3728813559322033,0.6949152542372882,7.338983050847458,2011.4237288135594
Top Esports,183,0.6229508196721312,16.262295081967213,15.21311475409836,2.2459016393442623,0.6010928961748634,6.502732240437158,1925.879781420765
Frank Esports,100,0.62,18.16,14.82,1.98,0.53,6.94,1829.22
Fuego,47,0.6170212765957447,20.78723404255319,15.829787234042554,2.617021276595745,0.8297872340425532,7.148936170212766,2091.872340425532
mCon esports,73,0.6164383561643836,19.438356164383563,13.89041095890411,2.767123287671233,0.6712328767123288,7.383561643835616,1935.3013698630136
Galions,86,0.6162790697674418,16.930232558139537,12.94186046511628,2.36046511627907,0.686046511627907,6.941860465116279,1959.1046511627908
Los Heretics,125,0.616,16.464,13.136,2.472,0.656,7.016,1958.672
T1 Esports Academy,148,0.6148648648648649,16.54054054054054,14.756756756756756,2.1621621621621623,0.6216216216216216,7.013513513513513,1893.4797297297298
Bilibili Gaming,189,0.6031746031746031,17.206349206349206,14.380952380952381,2.4497354497354498,0.656084656084656,6.904761904761905,1939.2857142857142
CGN Esports,40,0.6,18.875,19.025,2.625,0.7,7.35,1903.3
7REX,10,0.6,17.3,12.6,2.4,0.8,6.4,1979.4
NORD Esports,60,0.6,18.25,13.8,2.316666666666667,0.55,6.833333333333333,1905.7
Fnatic,85,0.6,14.929411764705883,13.411764705882353,2.4941176470588236,0.6470588235294118,6.588235294117647,1970.7411764705882
Diversion Gaming,77,0.5974025974025974,20.766233766233768,18.896103896103895,2.4545454545454546,0.6363636363636364,6.64935064935065,1864.7662337662337
Karmine Corp,106,0.5943396226415094,14.650943396226415,12.59433962264151,2.707547169811321,0.6509433962264151,6.820754716981132,1993.5471698113208
Estral Esports,32,0.59375,17.65625,13.9375,2.59375,0.40625,6.78125,1873.0625
G2 Esports,113,0.5929203539823009,13.769911504424778,11.557522123893806,2.47787610619469,0.6371681415929203,6.734513274336283,1953.0265486725664
Yang Yang Gaming,56,0.5892857142857143,21.553571428571427,17.625,2.2857142857142856,0.5892857142857143,6.464285714285714,1816.3214285714287
Verdant,68,0.5882352941176471,16.705882352941178,14.014705882352942,2.6029411764705883,0.5735294117647058,6.617647058823529,1938.514705882353
VARREL YOUTH,51,0.5882352941176471,16.84313725490196,16.058823529411764,2.0784313725490198,0.45098039215686275,6.450980392156863,1857.7450980392157
Invictus Gaming,150,0.5866666666666667,16.30666666666667,15.44,2.5733333333333333,0.6266666666666667,6.233333333333333,1976.9
Hanwha Life Esports Academy,135,0.5851851851851851,20.77777777777778,18.562962962962963,1.9037037037037037,0.5555555555555556,6.118518518518519,1849.4444444444443
Isurus,24,0.5833333333333334,15.75,12.625,2.2083333333333335,0.5,6.916666666666667,1849.7916666666667
DRX Challengers,141,0.5815602836879432,17.72340425531915,14.425531914893616,2.2907801418439715,0.5815602836879432,6.446808510638298,1962.1205673758866
Zeu5 Esports,43,0.5813953488372093,17.093023255813954,15.395348837209303,2.302325581395349,0.46511627906976744,6.627906976744186,1870.6744186046512
CITA Kaizen,38,0.5789473684210527,21.157894736842106,18.36842105263158,2.5789473684210527,0.5526315789473685,6.526315789473684,1847.7368421052631
Falke Esports,45,0.5777777777777777,18.022222222222222,14.466666666666667,2.3777777777777778,0.6666666666666666,7.111111111111111,1954.2666666666667
Dung Dynasty,26,0.5769230769230769,18.5,17.53846153846154,2.8461538461538463,0.6538461538461539,7.423076923076923,2046.923076923077
Dopamina E-Sport,33,0.5757575757575758,17.545454545454547,16.151515151515152,1.878787878787879,0.696969696969697,6.363636363636363,1931.5757575757575
Maze Gaming,47,0.574468085106383,17.595744680851062,14.425531914893616,2.617021276595745,0.5106382978723404,6.48936170212766,1954.6382978723404
GenZ Gaming (2025 Vietnamese Team),7,0.5714285714285714,18.857142857142858,20.285714285714285,2.4285714285714284,0.5714285714285714,6.714285714285714,1858.5714285714287
TeamOrangeGaming Academy,7,0.5714285714285714,20.0,17.428571428571427,2.0,0.2857142857142857,5.571428571428571,1770.0
West Point Esports,84,0.5714285714285714,20.595238095238095,19.916666666666668,1.7976190476190477,0.5357142857142857,6.678571428571429,1830.4642857142858
White Dragons,7,0.5714285714285714,19.428571428571427,12.428571428571429,2.0,0.42857142857142855,6.285714285714286,1654.857142857143
Conviction,63,0.5714285714285714,15.523809523809524,15.873015873015873,2.5714285714285716,0.6666666666666666,6.809523809523809,1975.8095238095239
Dplus KIA,163,0.5705521472392638,15.28834355828221,13.680981595092025,2.3435582822085887,0.4785276073619632,6.147239263803681,1920.8098159509202
Gamespace Mediterranean College Esports,79,0.569620253164557,18.696202531645568,15.708860759493671,2.3417721518987342,0.5949367088607594,6.734177215189874,1929.5189873417721
Project Conquerors,74,0.5675675675675675,18.41891891891892,17.27027027027027,2.5,0.6756756756756757,6.554054054054054,2013.0405405405406
BoostGate Esports,74,0.5675675675675675,17.93243243243243,16.7972972972973,2.5945945945945947,0.6216216216216216,6.364864864864865,1925.4864864864865
BK ROG Esports,90,0.5666666666666667,15.566666666666666,13.61111111111111,2.6,0.7888888888888889,6.966666666666667,2091.6555555555556
Stellae Gaming,46,0.5652173913043478,13.217391304347826,14.956521739130435,1.8478260869565217,0.717391304347826,6.391304347826087,1912.1739130434783
Oxygen Gaming,46,0.5652173913043478,18.32608695652174,18.23913043478261,2.608695652173913,0.717391304347826,7.326086956521739,2111.782608695652
Forsaken,92,0.5652173913043478,17.51086956521739,17.532608695652176,2.402173913043478,0.6086956521739131,6.739130434782608,1926.3478260869565
Dragons Esports,48,0.5625,19.604166666666668,19.958333333333332,2.4375,0.6041666666666666,6.854166666666667,1925.3125
Clocks,48,0.5625,16.6875,19.083333333333332,2.3541666666666665,0.3333333333333333,6.416666666666667,1896.3333333333333
Lechuga Gaming,16,0.5625,21.125,23.4375,2.3125,0.625,7.6875,1955.75
StormMedia Fajnie Mieć Skład,73,0.5616438356164384,17.589041095890412,17.15068493150685,2.3013698630136985,0.547945205479452,6.780821917808219,1901.2054794520548
Vitality.Bee,84,0.5595238095238095,14.785714285714286,13.952380952380953,2.5357142857142856,0.6428571428571429,6.535714285714286,2047.904761904762
Entropiq,86,0.5581395348837209,16.53488372093023,14.116279069767442,2.395348837209302,0.5930232558139535,6.616279069767442,1888.9883720930231
Epic Avalanche,9,0.5555555555555556,20.88888888888889,21.22222222222222,2.4444444444444446,0.5555555555555556,6.666666666666667,1943.888888888889
Partizan Esports,9,0.5555555555555556,21.22222222222222,16.444444444444443,2.3333333333333335,0.8888888888888888,7.111111111111111,1944.2222222222222
100 Thieves,74,0.5540540540540541,15.891891891891891,15.283783783783784,2.4864864864864864,0.6891891891891891,6.243243243243243,2010.6216216216217
Colossal Gaming,47,0.5531914893617021,16.80851063829787,15.595744680851064,2.3191489361702127,0.5531914893617021,6.531914893617022,1832.063829787234
DN Freecs Academy,123,0.5528455284552846,18.5609756097561,19.284552845528456,2.5284552845528454,0.4878048780487805,6.333333333333333,1844.4959349593496
Dplus KIA Youth,134,0.5522388059701493,18.902985074626866,18.791044776119403,2.2313432835820897,0.44029850746268656,6.029850746268656,1813.6194029850747
Team Secret Whales,78,0.5512820512820513,15.397435897435898,13.346153846153847,2.6153846153846154,0.48717948717948717,5.871794871794871,2008.320512820513
Odivelas Sports Club,49,0.5510204081632653,17.489795918367346,15.0,2.36734693877551,0.5306122448979592,6.224489795918367,1900.6734693877552
Team Flash,40,0.55,17.1,15.95,2.375,0.575,6.55,1923.225
Citadel Gaming,20,0.55,16.75,15.4,2.4,0.7,6.05,1951.55
EDward Gaming,82,0.5487804878048781,15.426829268292684,13.451219512195122,2.426829268292683,0.5487804878048781,6.158536585365853,1991.4878048780488
Jolly Rogers,11,0.5454545454545454,17.272727272727273,15.090909090909092,2.8181818181818183,0.5454545454545454,5.909090909090909,1973.090909090909
LUA Gaming,55,0.5454545454545454,16.727272727272727,15.618181818181819,2.2181818181818183,0.5818181818181818,6.654545454545454,1910.3636363636363
Meavedron,85,0.5411764705882353,19.823529411764707,18.31764705882353,2.3529411764705883,0.4823529411764706,6.482352941176471,1863.0941176470587
Gentle Mates,98,0.5408163265306123,13.66326530612245,12.979591836734693,2.5714285714285716,0.6428571428571429,6.591836734693878,2078.5
MGN Vikings Esports,87,0.5402298850574713,14.666666666666666,13.528735632183908,2.367816091954023,0.5632183908045977,5.942528735632184,1955.5632183908046
IziDream,63,0.5396825396825397,17.61904761904762,15.904761904761905,2.3333333333333335,0.7142857142857143,6.285714285714286,1971.888888888889
Back2TheGame,67,0.5373134328358209,17.17910447761194,15.955223880597014,2.746268656716418,0.5671641791044776,6.253731343283582,1962.686567164179
JD Gaming,164,0.5365853658536586,14.981707317073171,14.152439024390244,2.0609756097560976,0.5,6.024390243902439,1946.7560975609756
Unicorns of Love Sexy Edition,97,0.5360824742268041,16.721649484536083,14.54639175257732,2.134020618556701,0.6391752577319587,7.0,1966.381443298969
Senshi eSports,58,0.5344827586206896,17.724137931034484,17.25862068965517,2.5172413793103448,0.7413793103448276,6.637931034482759,1947.9655172413793
SPIKE Syndicate,60,0.5333333333333333,18.616666666666667,16.533333333333335,2.1333333333333333,0.5833333333333334,6.366666666666666,1889.3666666666666
Los Grandes,45,0.5333333333333333,15.155555555555555,12.6,2.6444444444444444,0.7555555555555555,6.288888888888889,2052.688888888889
GOAL,30,0.5333333333333333,17.966666666666665,17.9,2.1,0.43333333333333335,5.933333333333334,1902.1333333333334
PSG Talon,92,0.532608695652174,13.880434782608695,12.967391304347826,2.239130434782609,0.6521739130434783,6.3478260869565215,1962.3260869565217
Ici Japon Corp. Esport,77,0.5324675324675324,15.0,14.467532467532468,2.2857142857142856,0.6103896103896104,6.233766233766234,1977.2857142857142
DN Freecs Challengers,139,0.5323741007194245,16.151079136690647,16.834532374100718,1.9928057553956835,0.49640287769784175,6.258992805755396,1910.705035971223
paiN Gaming,62,0.532258064516129,15.048387096774194,14.387096774193548,2.629032258064516,0.7419354838709677,6.096774193548387,2069.8064516129034
Movistar KOI,109,0.5321100917431193,13.98165137614679,12.862385321100918,2.36697247706422,0.6238532110091743,6.229357798165138,2009.1376146788991
TeamOrangeGaming,81,0.5308641975308642,16.876543209876544,15.604938271604938,2.123456790123457,0.5185185185185185,6.148148148148148,1880.5802469135801
Burning Core Toyama,53,0.5283018867924528,19.169811320754718,19.32075471698113,1.9056603773584906,0.32075471698113206,5.754716981132075,1762.698113207547
Eternal Fire,36,0.5277777777777778,17.5,17.083333333333332,2.4444444444444446,0.7777777777777778,6.277777777777778,2064.3055555555557
Gen.G Scholars,95,0.5263157894736842,19.50526315789474,20.53684210526316,1.7157894736842105,0.3894736842105263,6.7894736842105265,1780.621052631579
LOUD,57,0.5263157894736842,12.736842105263158,14.333333333333334,2.3684210526315788,0.6140350877192983,6.315789473684211,1999.982456140351
Kawaii Kiwis,38,0.5263157894736842,19.63157894736842,17.42105263157895,2.5526315789473686,0.5789473684210527,7.315789473684211,2091.657894736842
Barça eSports,118,0.5254237288135594,16.1864406779661,15.398305084745763,2.2711864406779663,0.559322033898305,6.279661016949152,1923.4322033898304
Sicar Esports,40,0.525,14.475,15.675,2.5,0.675,6.525,2014.225
CCG Esports,42,0.5238095238095238,15.523809523809524,14.976190476190476,2.5238095238095237,0.5714285714285714,6.214285714285714,1978.404761904762
FURIA,67,0.5223880597014925,14.567164179104477,12.91044776119403,2.208955223880597,0.5970149253731343,6.223880597014926,1972.8507462686566
Vivo Keyd Stars,69,0.5217391304347826,14.884057971014492,14.318840579710145,2.2028985507246377,0.5507246376811594,5.797101449275362,1962.304347826087
Bushido Wildcats,71,0.5211267605633803,15.732394366197184,14.929577464788732,2.2535211267605635,0.5915492957746479,5.873239436619718,2023.605633802817
FN Esports,27,0.5185185185185185,18.444444444444443,17.85185185185185,2.259259259259259,0.5925925925925926,6.333333333333333,1890.6666666666667
G2 Hel,31,0.5161290322580645,19.193548387096776,18.548387096774192,2.161290322580645,0.7096774193548387,6.903225806451613,2029.774193548387
UCAM Esports,62,0.5161290322580645,15.419354838709678,14.919354838709678,2.1451612903225805,0.5967741935483871,6.290322580645161,2005.032258064516
ROSSMANN Centaurs,101,0.5148514851485149,17.782178217821784,19.198019801980198,2.5445544554455446,0.5445544554455446,6.693069306930693,1943.09900990099
BNK FEARX Youth,154,0.512987012987013,16.857142857142858,16.16883116883117,2.175324675324675,0.525974025974026,5.636363636363637,1886.1233766233765
Alpha7 Esports,41,0.5121951219512195,14.902439024390244,16.146341463414632,1.8780487804878048,0.5853658536585366,5.439024390243903,1901.2926829268292
AVE Axolotl,53,0.5094339622641509,16.30188679245283,15.735849056603774,2.150943396226415,0.4528301886792453,5.962264150943396,1896.9811320754718
RED Canids,63,0.5079365079365079,15.73015873015873,13.984126984126984,2.507936507936508,0.47619047619047616,6.444444444444445,2000.3492063492063
Kaufland Hangry Knights,75,0.5066666666666667,17.373333333333335,15.24,2.1866666666666665,0.49333333333333335,6.573333333333333,1900.4933333333333
Contrata Logo Meu Time,14,0.5,17.0,17.857142857142858,1.9285714285714286,0.35714285714285715,6.142857142857143,1863.0
Universae Instituto FP,32,0.5,14.65625,15.6875,2.28125,0.34375,5.90625,1862.0625
Brod n Friends,6,0.5,21.5,20.0,2.3333333333333335,0.5,6.833333333333333,1966.0
5M Esports,2,0.5,15.0,26.5,2.5,0.5,4.0,1937.0
htp eSport Akademie Hannover,4,0.5,19.0,26.75,2.25,0.5,5.0,1651.25
Bamboo Juice,18,0.5,20.055555555555557,20.833333333333332,2.4444444444444446,0.3888888888888889,5.944444444444445,1759.888888888889
Venomcrest Serpents,4,0.5,18.75,22.0,2.25,0.25,6.0,1791.25
Veni Vidi Vici,76,0.5,14.986842105263158,17.19736842105263,2.4342105263157894,0.5657894736842105,5.934210526315789,1870.2105263157894
Mila Gaming,16,0.5,19.9375,19.3125,2.25,0.5,5.3125,1790.625
Fantastic Esports,6,0.5,18.5,17.666666666666668,2.6666666666666665,0.5,6.333333333333333,1854.1666666666667
PSG Talon Academy,70,0.5,18.957142857142856,18.385714285714286,2.0714285714285716,0.4714285714285714,5.857142857142857,1858.4
Papara SuperMassive,68,0.5,17.66176470588235,17.279411764705884,2.235294117647059,0.5588235294117647,5.985294117647059,1965.3088235294117
Spirit Quartz Gaming,34,0.5,19.205882352941178,19.352941176470587,2.0,0.6470588235294118,5.5588235294117645,2004.264705882353
Dorado Gaming,24,0.5,16.166666666666668,15.375,2.0833333333333335,0.4583333333333333,5.708333333333333,1902.0833333333333
DetonatioN FocusMe Academy,48,0.5,18.020833333333332,21.083333333333332,1.5,0.2916666666666667,5.104166666666667,1737.3958333333333
Mental Over Tempo,10,0.5,17.5,15.1,2.5,0.4,5.7,1795.0
Leões Porto Salvo Esports,16,0.5,18.0625,17.3125,2.125,0.4375,5.3125,1919.875
Fortress Esports,12,0.5,17.916666666666668,17.166666666666668,2.9166666666666665,0.5,5.583333333333333,1910.5
Gwenchana,10,0.5,15.9,14.3,1.5,0.0,5.5,1757.2
Golden Lions,22,0.5,18.727272727272727,15.772727272727273,2.4545454545454546,0.6363636363636364,5.863636363636363,2076.8636363636365
KT Rolster,134,0.5,14.559701492537313,14.261194029850746,2.529850746268657,0.5223880597014925,5.3059701492537314,1939.5223880597016
Isurus Estral,38,0.5,13.736842105263158,15.078947368421053,2.263157894736842,0.42105263157894735,6.2894736842105265,1961.4736842105262
Human Apex Predator,4,0.5,18.25,21.5,2.25,0.5,4.25,1699.5
B2U,8,0.5,21.125,20.125,2.625,0.875,6.75,1998.375
Flamengo MDL,77,0.4935064935064935,16.92207792207792,15.363636363636363,2.5584415584415585,0.5974025974025974,6.194805194805195,1999.4675324675325
Zena Esports,55,0.4909090909090909,16.945454545454545,17.418181818181818,2.2181818181818183,0.4909090909090909,5.745454545454545,1832.509090909091
KaBuM! Ilha das Lendas,53,0.49056603773584906,15.60377358490566,15.245283018867925,2.056603773584906,0.5094339622641509,6.584905660377358,1961.433962264151
E WIE EINFACH E-SPORTS,78,0.48717948717948717,14.884615384615385,16.025641025641026,2.141025641025641,0.46153846153846156,5.961538461538462,1972.4358974358975
GTZ Esports,33,0.48484848484848486,15.93939393939394,17.333333333333332,2.484848484848485,0.5151515151515151,5.696969696969697,1916.2121212121212
Solary,62,0.4838709677419355,15.403225806451612,15.112903225806452,2.403225806451613,0.5645161290322581,5.919354838709677,2126.2903225806454
Myth Esports,56,0.48214285714285715,17.5,17.732142857142858,2.375,0.44642857142857145,6.0,1883.5
LGD Gaming,79,0.4810126582278481,14.734177215189874,15.594936708860759,2.2658227848101267,0.5189873417721519,5.531645569620253,1919.5316455696202
BNK FEARX,127,0.48031496062992124,15.456692913385826,15.834645669291339,2.220472440944882,0.47244094488188976,5.84251968503937,1876.8425196850394
GAM Esports,100,0.48,13.39,13.76,2.26,0.47,5.71,1986.27
OKSavingsBank BRION Academy,48,0.4791666666666667,17.270833333333332,16.520833333333332,2.0416666666666665,0.5,5.354166666666667,1869.6458333333333
Crusaders,23,0.4782608695652174,15.0,17.26086956521739,1.9565217391304348,0.30434782608695654,5.130434782608695,1697.5217391304348
Team Liquid,69,0.4782608695652174,14.159420289855072,13.898550724637682,2.3043478260869565,0.6086956521739131,6.0,1974.5942028985507
Ninjas in Pyjamas,126,0.47619047619047616,15.301587301587302,16.08730158730159,2.1587301587301586,0.626984126984127,5.476190476190476,1961.952380952381
GiantX,57,0.47368421052631576,13.614035087719298,13.578947368421053,2.1052631578947367,0.7368421052631579,6.140350877192983,2028.5964912280701
SDM Tigres,38,0.47368421052631576,15.368421052631579,16.05263157894737,1.763157894736842,0.4473684210526316,5.684210526315789,1851.4473684210527
Anubis Gaming,76,0.47368421052631576,16.06578947368421,18.36842105263158,1.881578947368421,0.4473684210526316,5.947368421052632,1945.6184210526317
Divernex,38,0.47368421052631576,17.36842105263158,18.07894736842105,1.9736842105263157,0.5526315789473685,5.894736842105263,1905.9736842105262
Ramboot Club,49,0.46938775510204084,16.346938775510203,16.6734693877551,2.204081632653061,0.42857142857142855,5.8979591836734695,1944.795918367347
GMBLERS Esports,62,0.46774193548387094,15.419354838709678,16.096774193548388,2.338709677419355,0.45161290322580644,5.82258064516129,1861.225806451613
Beşiktaş Esports,60,0.4666666666666667,15.683333333333334,15.1,2.2333333333333334,0.48333333333333334,6.0,2025.8833333333334
Nongshim Esports Academy,105,0.4666666666666667,14.59047619047619,15.40952380952381,2.1714285714285713,0.5333333333333333,5.847619047619047,1968.695238095238
GnG Amazigh,90,0.4666666666666667,16.133333333333333,17.88888888888889,2.2111111111111112,0.5555555555555556,5.877777777777778,1908.7444444444445
Kaeru Gyuangu,15,0.4666666666666667,18.266666666666666,20.0,2.1333333333333333,0.4666666666666667,5.866666666666666,2018.6
wangting,58,0.46551724137931033,22.448275862068964,22.75862068965517,2.0344827586206895,0.4482758620689655,5.620689655172414,1796.655172413793
Tan'i eSports CZ,58,0.46551724137931033,16.03448275862069,17.689655172413794,2.3793103448275863,0.43103448275862066,6.0344827586206895,1914.7931034482758
Weibo Gaming,160,0.4625,14.74375,14.6625,2.19375,0.4875,5.73125,1951.6125
For The Win Esports,26,0.46153846153846156,19.76923076923077,19.46153846153846,2.1923076923076925,0.5384615384615384,6.153846153846154,1835.576923076923
Top Esports Challenger,13,0.46153846153846156,17.307692307692307,16.846153846153847,2.1538461538461537,0.46153846153846156,5.384615384615385,1757.6923076923076
Movistar KOI Fénix,50,0.46,15.16,14.5,1.94,0.54,6.1,1981.86
Saigon Secret,37,0.4594594594594595,16.18918918918919,17.675675675675677,2.027027027027027,0.40540540540540543,5.648648648648648,1846.1351351351352
ULF Esports,85,0.4588235294117647,15.552941176470588,17.470588235294116,2.152941176470588,0.5411764705882353,5.823529411764706,1933.8117647058823
Bulldog Esports,46,0.45652173913043476,18.043478260869566,18.782608695652176,2.0434782608695654,0.43478260869565216,5.586956521739131,2001.1521739130435
Guinea Pink,33,0.45454545454545453,16.545454545454547,17.0,2.0,0.6060606060606061,6.2727272727272725,1980.1515151515152
Weibo Gaming Youth Team,11,0.45454545454545453,14.636363636363637,14.090909090909092,2.090909090909091,0.36363636363636365,5.2727272727272725,1816.6363636363637
Keypulse Esports,22,0.45454545454545453,17.90909090909091,17.09090909090909,2.3636363636363638,0.5909090909090909,5.863636363636363,1905.8181818181818
Zenshi Gaming,11,0.45454545454545453,15.272727272727273,17.181818181818183,2.6363636363636362,0.36363636363636365,4.545454545454546,2044.3636363636363
Anyone's Legend.Young,11,0.45454545454545453,17.90909090909091,16.363636363636363,1.5454545454545454,0.18181818181818182,5.090909090909091,1711.8181818181818
Once Upon A Team,53,0.4528301886792453,14.150943396226415,16.132075471698112,2.169811320754717,0.41509433962264153,5.226415094339623,1944.301886792453
Malvinas Gaming,20,0.45,16.65,18.95,1.95,0.5,5.5,1959.55
Hanwha Life Esports Challengers,105,0.44761904761904764,15.752380952380953,15.152380952380952,2.219047619047619,0.5523809523809524,5.4,1963.047619047619
Blue Otter,47,0.44680851063829785,14.72340425531915,15.0,2.276595744680851,0.574468085106383,5.23404255319149,2070.1702127659573
CTBC Flying Oyster Academy,65,0.4461538461538462,16.446153846153845,20.46153846153846,1.9846153846153847,0.36923076923076925,5.769230769230769,1845.6615384615384
Team Insidious,65,0.4461538461538462,17.26153846153846,17.29230769230769,2.3692307692307693,0.5076923076923077,5.984615384615385,1943.553846153846
A One Man Army Prime,9,0.4444444444444444,17.333333333333332,23.11111111111111,1.7777777777777777,0.5555555555555556,5.555555555555555,1809.5555555555557
Nice Try,9,0.4444444444444444,17.555555555555557,19.333333333333332,2.111111111111111,0.4444444444444444,5.777777777777778,1795.3333333333333
XV eSports,9,0.4444444444444444,12.333333333333334,14.88888888888889,2.2222222222222223,0.2222222222222222,5.444444444444445,1813.111111111111
MGN Vikings Academy,27,0.4444444444444444,17.185185185185187,20.85185185185185,2.2962962962962963,0.5555555555555556,5.111111111111111,1829.148148148148
DKB XPERION NXT,18,0.4444444444444444,20.055555555555557,20.555555555555557,2.388888888888889,0.5,6.222222222222222,1919.4444444444443
Supernova,45,0.4444444444444444,13.555555555555555,17.6,2.022222222222222,0.4888888888888889,6.288888888888889,1943.5555555555557
The Secret Club,27,0.4444444444444444,18.59259259259259,20.962962962962962,1.7777777777777777,0.2962962962962963,5.222222222222222,1778.4444444444443
Ethereal Enigmas,63,0.4444444444444444,19.0,21.015873015873016,2.5396825396825395,0.5079365079365079,5.682539682539683,1911.7936507936508
Team Vitality,52,0.4423076923076923,13.961538461538462,15.288461538461538,2.1538461538461537,0.5961538461538461,6.0576923076923075,2060.596153846154
Rich Gang,43,0.4418604651162791,14.581395348837209,16.58139534883721,2.0,0.4186046511627907,5.72093023255814,1844.093023255814
WAP Esports,32,0.4375,13.6875,16.71875,2.1875,0.53125,5.59375,1974.84375
Barcząca Esports,16,0.4375,17.375,20.75,2.5,0.5625,5.1875,1906.75
Underworld Esports,16,0.4375,13.375,15.875,2.4375,0.75,6.0625,1934.8125
Fox Gaming,55,0.43636363636363634,15.89090909090909,16.70909090909091,2.1272727272727274,0.6545454545454545,5.6909090909090905,1991.2363636363636
PÊEK Gaming,23,0.43478260869565216,15.73913043478261,18.782608695652176,2.5652173913043477,0.6086956521739131,6.434782608695652,2133.086956521739
Eintracht Frankfurt,53,0.4339622641509434,15.264150943396226,17.132075471698112,2.30188679245283,0.7735849056603774,5.962264150943396,2027.1509433962265
Oh My God,53,0.4339622641509434,14.471698113207546,15.39622641509434,2.056603773584906,0.4339622641509434,4.962264150943396,1972.0
Team UNiTY,53,0.4339622641509434,17.30188679245283,16.50943396226415,2.150943396226415,0.5849056603773585,6.188679245283019,1925.7358490566037
Jörmungang,44,0.4318181818181818,15.272727272727273,20.431818181818183,1.9545454545454546,0.5,5.7272727272727275,1899.25
Fog Esports,58,0.43103448275862066,16.844827586206897,18.689655172413794,2.1551724137931036,0.46551724137931033,5.586206896551724,1882.1206896551723
Gen.G Global Academy,130,0.4307692307692308,14.4,16.746153846153845,2.123076923076923,0.4,5.569230769230769,1913.9307692307693
Rage Bait e-Sports,7,0.42857142857142855,22.714285714285715,22.285714285714285,2.7142857142857144,0.8571428571428571,6.428571428571429,2170.8571428571427
Papo Secos,7,0.42857142857142855,16.714285714285715,21.142857142857142,2.0,0.42857142857142855,4.714285714285714,1757.857142857143
Kyo eSports,7,0.42857142857142855,19.142857142857142,22.714285714285715,2.4285714285714284,0.42857142857142855,5.0,1827.4285714285713
Howl Esports,7,0.42857142857142855,15.428571428571429,19.0,1.1428571428571428,0.42857142857142855,5.428571428571429,1708.4285714285713
Inferno Esports,7,0.42857142857142855,12.714285714285714,20.428571428571427,1.5714285714285714,0.14285714285714285,4.142857142857143,1670.4285714285713
Icon Esports,14,0.42857142857142855,14.642857142857142,19.357142857142858,2.357142857142857,0.5714285714285714,4.642857142857143,1861.0714285714287
Green Dolphin Gaming,21,0.42857142857142855,14.857142857142858,17.761904761904763,2.2857142857142856,0.5714285714285714,5.857142857142857,1994.7619047619048
One More Esports,68,0.4264705882352941,16.779411764705884,19.014705882352942,2.25,0.5294117647058824,5.352941176470588,1932.7941176470588
BeFive,47,0.425531914893617,16.680851063829788,22.02127659574468,1.6170212765957446,0.425531914893617,5.382978723404255,1761.4468085106382
Team Paradox,52,0.4230769230769231,15.307692307692308,20.134615384615383,1.9038461538461537,0.40384615384615385,5.75,1932.5
Corinthians Esports,52,0.4230769230769231,14.096153846153847,16.01923076923077,2.2115384615384617,0.4423076923076923,6.153846153846154,2008.4807692307693
Austrian Force willhaben,64,0.421875,15.796875,16.546875,2.265625,0.53125,5.9375,1917.96875
Dplus KIA Challengers,110,0.41818181818181815,14.563636363636364,17.509090909090908,2.2636363636363637,0.4636363636363636,4.381818181818182,1963.6272727272728
Grow uP eSports,12,0.4166666666666667,16.916666666666668,23.333333333333332,1.5833333333333333,0.5,5.333333333333333,1847.9166666666667
Nongshim RedForce,144,0.4166666666666667,13.972222222222221,17.11111111111111,1.7083333333333333,0.5138888888888888,5.694444444444445,1860.4027777777778
Night Cap,12,0.4166666666666667,17.5,17.666666666666668,2.3333333333333335,0.5,5.166666666666667,2078.5833333333335
BAAM Esports,77,0.4155844155844156,18.285714285714285,18.844155844155843,2.1948051948051948,0.5584415584415584,6.0519480519480515,1944.7012987012988
Lille Esport,41,0.4146341463414634,16.073170731707318,18.902439024390244,2.4390243902439024,0.5609756097560976,5.682926829268292,1935.0731707317073
Shopify Rebellion,63,0.4126984126984127,12.047619047619047,15.444444444444445,2.0952380952380953,0.5238095238095238,4.9523809523809526,2094.777777777778
Caldya Esport,17,0.4117647058823529,16.764705882352942,17.705882352941178,2.4705882352941178,0.7647058823529411,5.705882352941177,2072.0588235294117
e-Champ Gaming,17,0.4117647058823529,15.235294117647058,17.941176470588236,2.0,0.47058823529411764,5.647058823529412,1984.5882352941176
Ruddy Esports,39,0.41025641025641024,15.897435897435898,18.05128205128205,1.9230769230769231,0.3333333333333333,5.461538461538462,1874.2820512820513
Soul's Heart Esport,5,0.4,17.2,19.4,2.0,0.2,5.0,1728.8
Sponge Gaming,10,0.4,22.0,21.3,2.0,0.4,5.5,1883.1
Team Mentality,5,0.4,18.0,24.6,2.2,0.4,4.8,1837.6
No Barry Berry,5,0.4,18.6,17.6,2.0,0.0,5.2,1989.8
NEO ZEPHYR,5,0.4,18.8,21.2,2.0,0.6,5.0,1992.0
ZGDX Gaming,10,0.4,15.3,18.4,2.1,0.8,4.7,1926.9
WLGaming Esports,40,0.4,17.95,19.025,2.175,0.4,5.8,1986.225
Dynamo Eclot,35,0.4,14.257142857142858,18.82857142857143,2.057142857142857,0.5714285714285714,5.714285714285714,2005.4285714285713
Permitta eSports,5,0.4,13.8,22.0,1.2,0.2,3.8,1834.2
DCT eSports,10,0.4,18.2,17.2,2.5,0.4,6.6,2067.9
LittleSans,5,0.4,24.0,21.0,3.0,1.0,8.6,2130.4
BBL Dark Passage,53,0.39622641509433965,15.320754716981131,16.09433962264151,2.2641509433962264,0.6226415094339622,5.037735849056604,2049.4716981132074
DRX,101,0.39603960396039606,13.188118811881187,16.475247524752476,2.0297029702970297,0.5445544554455446,4.881188118811881,1992.881188118812
A One Man Army,48,0.3958333333333333,14.291666666666666,18.625,2.0833333333333335,0.375,5.479166666666667,1939.8125
Kareha Children,43,0.3953488372093023,16.13953488372093,21.25581395348837,2.2093023255813953,0.3023255813953488,5.209302325581396,1944.0
SN CyberCore Esports,28,0.39285714285714285,14.821428571428571,18.357142857142858,1.6428571428571428,0.39285714285714285,4.142857142857143,1816.7857142857142
BNK FEARX Academy,51,0.39215686274509803,18.372549019607842,19.19607843137255,1.5686274509803921,0.43137254901960786,5.509803921568627,1759.0196078431372
Andromeda Gaming,23,0.391304347826087,17.0,20.434782608695652,1.8695652173913044,0.34782608695652173,5.3478260869565215,1842.391304347826
LNG Esports,67,0.3880597014925373,12.08955223880597,14.805970149253731,1.8507462686567164,0.34328358208955223,4.7611940298507465,1961.955223880597
LYON Academy,31,0.3870967741935484,17.806451612903224,18.806451612903224,1.8709677419354838,0.6451612903225806,6.290322580645161,1938.483870967742
Team WE,141,0.3829787234042553,14.26241134751773,16.872340425531913,2.0709219858156027,0.46808510638297873,4.921985815602837,1909.4397163120568
Disguised,47,0.3829787234042553,10.914893617021276,16.872340425531913,2.106382978723404,0.46808510638297873,4.9361702127659575,1996.5531914893618
MY STAR,34,0.38235294117647056,14.529411764705882,18.352941176470587,1.8823529411764706,0.47058823529411764,5.029411764705882,1942.1764705882354
OKSavingsBank BRION,105,0.38095238095238093,12.895238095238096,14.228571428571428,2.0285714285714285,0.37142857142857144,4.704761904761905,1936.752380952381
Karmine Corp Blue Stars,42,0.38095238095238093,14.5,17.88095238095238,1.7142857142857142,0.4523809523809524,4.928571428571429,1966.0714285714287
Dynamo Eclot Talents,29,0.3793103448275862,14.206896551724139,18.620689655172413,2.2413793103448274,0.41379310344827586,4.517241379310345,1877.9655172413793
Mighty Eagles,8,0.375,20.625,25.375,2.0,0.25,6.25,2050.75
EDG Youth Team,16,0.375,17.125,18.9375,2.25,0.375,4.375,1770.3125
Dream Makers,16,0.375,13.6875,20.5,1.875,0.5,5.625,1979.125
DMG Esports,40,0.375,14.3,16.375,1.95,0.375,4.825,1817.25
Leviatan,40,0.375,11.9,14.65,1.475,0.475,4.775,1997.4
Ultra Prime,75,0.37333333333333335,12.613333333333333,14.893333333333333,2.1466666666666665,0.5066666666666667,4.72,1946.6133333333332
Lundqvist Lightside,35,0.37142857142857144,15.17142857142857,20.457142857142856,2.2,0.37142857142857144,5.314285714285714,1849.0285714285715
Team Heretics,54,0.37037037037037035,10.703703703703704,14.796296296296296,2.1666666666666665,0.37037037037037035,4.62962962962963,1999.9814814814815
Winthrop University,47,0.3617021276595745,13.76595744680851,15.106382978723405,2.0851063829787235,0.5531914893617021,5.319148936170213,2025.5531914893618
Team BDS,50,0.36,13.88,15.42,2.3,0.64,5.5,2103.82
OKSavingsBank BRION Challengers,96,0.3541666666666667,12.9375,16.59375,1.7708333333333333,0.5,4.8125,1939.6458333333333
Joblife,48,0.3541666666666667,13.166666666666666,15.5625,2.3125,0.5208333333333334,4.708333333333333,2029.5625
Cupid Esports,17,0.35294117647058826,15.352941176470589,19.058823529411764,1.7647058823529411,0.7058823529411765,5.882352941176471,2081.529411764706
Vortex (Japanese Team),17,0.35294117647058826,18.58823529411765,18.529411764705884,1.9411764705882353,0.5882352941176471,5.117647058823529,1885.4705882352941
Monta Club,34,0.35294117647058826,17.029411764705884,20.58823529411765,2.0294117647058822,0.6176470588235294,6.411764705882353,2125.6470588235293
ThunderTalk Gaming,105,0.3523809523809524,12.466666666666667,16.771428571428572,1.8666666666666667,0.4,4.6761904761904765,1887.695238095238
Eintracht Spandau,49,0.3469387755102041,17.142857142857142,19.224489795918366,1.8979591836734695,0.5714285714285714,5.6938775510204085,1999.9795918367347
Never Give Up,26,0.34615384615384615,15.653846153846153,21.153846153846153,2.076923076923077,0.4230769230769231,5.038461538461538,1890.076923076923
RATZ,29,0.3448275862068966,15.068965517241379,19.862068965517242,2.0344827586206895,0.6206896551724138,5.793103448275862,2092.137931034483
DOCISK,32,0.34375,18.65625,19.6875,2.3125,0.4375,4.8125,1950.71875
Zerance,47,0.3404255319148936,13.957446808510639,17.851063829787233,2.0,0.3617021276595745,4.829787234042553,1915.1702127659576
NORTHS FURY,9,0.3333333333333333,19.444444444444443,20.444444444444443,2.111111111111111,0.4444444444444444,5.222222222222222,1715.5555555555557
Bilibili Gaming Junior,15,0.3333333333333333,16.133333333333333,16.933333333333334,1.4666666666666666,0.2,4.533333333333333,1840.4
Inside Games,6,0.3333333333333333,11.333333333333334,14.833333333333334,1.3333333333333333,0.16666666666666666,3.8333333333333335,1464.6666666666667
VININE,3,0.3333333333333333,27.333333333333332,35.0,2.0,0.6666666666666666,4.0,2071.6666666666665
Void Requiem,3,0.3333333333333333,19.333333333333332,26.333333333333332,1.3333333333333333,1.0,3.0,1668.6666666666667
Zerolag Esports,39,0.3333333333333333,15.076923076923077,20.128205128205128,2.3333333333333335,0.41025641025641024,4.461538461538462,1852.5897435897436
LYON,33,0.3333333333333333,12.909090909090908,14.484848484848484,2.393939393939394,0.36363636363636365,5.454545454545454,2010.939393939394
VfB eSports,3,0.3333333333333333,18.333333333333332,21.333333333333332,2.0,0.3333333333333333,6.0,1893.0
Bitfix Gaming,6,0.3333333333333333,19.333333333333332,22.833333333333332,2.3333333333333335,0.3333333333333333,6.166666666666667,1780.0
Hanoi Rookies Esports,12,0.3333333333333333,18.083333333333332,20.333333333333332,1.4166666666666667,0.25,5.25,1771.25
Dark Roses,6,0.3333333333333333,13.333333333333334,22.333333333333332,2.1666666666666665,0.3333333333333333,3.6666666666666665,1772.0
Icon Esports (Mexican Team),3,0.3333333333333333,13.666666666666666,22.666666666666668,1.6666666666666667,0.6666666666666666,5.333333333333333,1968.6666666666667
AKA HERO,3,0.3333333333333333,21.333333333333332,24.0,1.6666666666666667,1.0,7.666666666666667,2066.3333333333335
BWE Esports,3,0.3333333333333333,16.0,15.333333333333334,2.3333333333333335,0.3333333333333333,8.666666666666666,2044.6666666666667
regnum4games,3,0.3333333333333333,18.666666666666668,19.0,3.3333333333333335,1.0,8.0,2101.3333333333335
Seven Dark,27,0.3333333333333333,14.814814814814815,18.074074074074073,1.8518518518518519,0.5555555555555556,4.407407407407407,1918.6296296296296
Footprint Gaming,3,0.3333333333333333,12.333333333333334,19.666666666666668,1.6666666666666667,0.3333333333333333,3.0,1574.3333333333333
Nongshim RedForce Academy,103,0.3300970873786408,17.07766990291262,21.038834951456312,1.796116504854369,0.33980582524271846,4.456310679611651,1837.4563106796118
Delta Syndicate,43,0.32558139534883723,18.348837209302324,17.813953488372093,2.5348837209302326,0.46511627906976744,5.232558139534884,1914.7209302325582
Apex Mission Impossible,37,0.32432432432432434,13.432432432432432,16.513513513513512,2.027027027027027,0.4864864864864865,4.864864864864865,2040.8918918918919
Royal Never Give Up,31,0.3225806451612903,12.03225806451613,16.096774193548388,1.8387096774193548,0.3548387096774194,4.483870967741935,2021.3548387096773
FunPlus Phoenix,115,0.3217391304347826,13.678260869565218,17.556521739130435,1.9739130434782608,0.3739130434782609,4.608695652173913,1953.208695652174
GLORE,50,0.32,15.96,20.38,1.82,0.34,5.1,1824.86
Fukuoka SoftBank HAWKS gaming,54,0.3148148148148148,12.055555555555555,18.296296296296298,1.4814814814814814,0.4074074074074074,4.351851851851852,1877.851851851852
Actions Per Minute,45,0.3111111111111111,14.822222222222223,19.0,1.8444444444444446,0.35555555555555557,4.933333333333334,1872.9333333333334
Skillcamp,52,0.3076923076923077,13.615384615384615,18.26923076923077,1.9615384615384615,0.34615384615384615,4.846153846153846,1900.5384615384614
Silent Storm Esports,10,0.3,17.2,25.1,2.2,0.3,4.3,1715.8
Lenovo Legion Honvéd,30,0.3,18.9,24.766666666666666,2.2,0.36666666666666664,4.233333333333333,1848.5
Zer0 Trein0,10,0.3,14.6,23.8,1.9,0.4,3.9,2074.7
NextGeneration Esports,10,0.3,20.6,22.2,2.2,0.8,5.7,2019.0
Team BDS Academy,47,0.2978723404255319,15.02127659574468,19.148936170212767,1.9361702127659575,0.425531914893617,5.0212765957446805,1944.1063829787233
Venomcrest Esports,31,0.2903225806451613,13.935483870967742,21.032258064516128,1.7741935483870968,0.3548387096774194,4.516129032258065,1885.774193548387
evil genius (RTV Team),7,0.2857142857142857,20.285714285714285,24.714285714285715,2.142857142857143,0.2857142857142857,4.428571428571429,1874.0
Orbit Anonymo Esports,49,0.2857142857142857,13.204081632653061,18.714285714285715,2.0816326530612246,0.40816326530612246,4.1020408163265305,1972.3061224489795
ThunderTalk Gaming Young,7,0.2857142857142857,15.285714285714286,17.714285714285715,1.4285714285714286,0.14285714285714285,4.0,1713.5714285714287
Magaza Esports,14,0.2857142857142857,13.785714285714286,20.357142857142858,1.7857142857142858,0.14285714285714285,4.285714285714286,1814.7142857142858
BraVeLY,42,0.2857142857142857,15.452380952380953,20.095238095238095,1.6666666666666667,0.30952380952380953,4.285714285714286,1805.7857142857142
Ground Zero Gaming,57,0.2807017543859649,17.350877192982455,21.54385964912281,1.7017543859649122,0.42105263157894735,4.12280701754386,1834.7368421052631
EKO Esports,37,0.2702702702702703,14.891891891891891,20.81081081081081,1.837837837837838,0.4864864864864865,4.675675675675675,1866.4324324324325
V3 Esports,26,0.2692307692307692,13.461538461538462,19.73076923076923,1.8076923076923077,0.15384615384615385,4.653846153846154,1794.423076923077
DetonatioN FocusMe,53,0.2641509433962264,12.09433962264151,16.452830188679247,1.830188679245283,0.2830188679245283,3.981132075471698,1911.4150943396226
KAOS e-sport,38,0.2631578947368421,15.605263157894736,22.13157894736842,1.6578947368421053,0.2894736842105263,4.131578947368421,1821.578947368421
Dignitas,39,0.2564102564102564,10.897435897435898,15.256410256410257,1.794871794871795,0.358974358974359,4.358974358974359,2065.5384615384614
GameWard,43,0.2558139534883721,10.116279069767442,16.11627906976744,2.0930232558139537,0.3488372093023256,3.697674418604651,1980.6279069767443
Saving OCE,4,0.25,16.25,16.0,2.25,0.5,4.5,1806.5
ODD Esports,36,0.25,13.86111111111111,23.055555555555557,1.9166666666666667,0.3333333333333333,4.166666666666667,1854.7777777777778
Priority,16,0.25,15.9375,22.875,1.9375,0.3125,4.125,1972.0625
Diver (Portuguese Team),8,0.25,12.0,21.75,1.375,0.375,3.375,1752.375
Fractious eSports,12,0.25,12.25,18.166666666666668,2.25,0.5833333333333334,4.75,1973.4166666666667
CNG Royal,4,0.25,16.75,16.75,2.0,0.5,5.0,1930.0
Vietnam (National Team),4,0.25,13.0,18.5,1.5,0.25,3.25,1661.75
AaB Esport,4,0.25,18.25,25.25,2.5,0.5,4.0,2118.75
ΣΤΕΝΑΧΩΡΕΜΕΝΟΙ,4,0.25,12.75,23.25,2.0,0.25,3.75,1917.5
Pulse Star,32,0.25,11.75,20.0625,1.59375,0.34375,3.96875,1812.71875
Bastu Five,4,0.25,16.0,26.5,0.75,0.25,3.75,1871.25
DN Freecs,96,0.23958333333333334,11.25,16.125,1.6458333333333333,0.3125,3.9791666666666665,1954.9479166666667
Rise Gaming,38,0.23684210526315788,12.289473684210526,15.947368421052632,2.263157894736842,0.42105263157894735,4.7368421052631575,2086.815789473684
VelbeliKaizokudan,38,0.23684210526315788,14.31578947368421,22.157894736842106,1.4210526315789473,0.2894736842105263,4.2631578947368425,1892.4736842105262
BRUTE,38,0.23684210526315788,13.552631578947368,20.05263157894737,1.8421052631578947,0.4473684210526316,3.9473684210526314,1874.3684210526317
Guasones,34,0.23529411764705882,10.735294117647058,16.441176470588236,1.7941176470588236,0.29411764705882354,3.8529411764705883,1810.2058823529412
aNc Legends,30,0.23333333333333334,13.4,19.166666666666668,1.8,0.4,4.266666666666667,1902.2666666666667
Team Evermeet,22,0.22727272727272727,15.0,19.0,2.0,0.2727272727272727,4.954545454545454,1911.0
LODIS,32,0.21875,13.65625,18.71875,2.28125,0.5625,4.46875,2112.5625
SK Gaming,37,0.21621621621621623,8.945945945945946,17.35135135135135,1.6756756756756757,0.24324324324324326,4.081081081081081,1906.8648648648648
HELL PIGS,56,0.21428571428571427,16.767857142857142,26.839285714285715,1.4642857142857142,0.21428571428571427,3.767857142857143,1732.5
EXILE esports,38,0.21052631578947367,12.526315789473685,20.31578947368421,1.5526315789473684,0.3157894736842105,3.6842105263157894,1890.3684210526317
Rogue,29,0.20689655172413793,11.517241379310345,16.20689655172414,2.3448275862068964,0.5517241379310345,4.793103448275862,2108.3793103448274
Nigma Galaxy,29,0.20689655172413793,17.862068965517242,23.275862068965516,1.5517241379310345,0.1724137931034483,3.2413793103448274,1836.8620689655172
PRINCIPALITY,10,0.2,13.1,24.1,1.6,0.5,3.7,1947.2
Lotus,5,0.2,18.2,23.8,2.8,0.4,5.2,2437.8
Ligre Gaming,5,0.2,11.6,22.8,2.4,0.2,2.8,1649.0
HUTECH CHICKEN,5,0.2,19.6,22.6,2.2,0.0,4.8,1846.4
Team High Ground,5,0.2,11.2,18.0,1.8,0.6,5.4,1967.2
REDPack Esports,5,0.2,10.6,20.6,1.2,0.2,2.6,1539.2
Hurricane of Feathers,15,0.2,14.133333333333333,23.866666666666667,1.5333333333333334,0.2,3.7333333333333334,1938.9333333333334
Ankora Gaming,5,0.2,17.6,22.0,1.8,0.2,4.2,1923.0
Orzeł Barcząca Esports,5,0.2,15.0,19.0,1.6,0.4,3.6,1831.0
Black Dog,10,0.2,17.4,21.0,2.1,0.0,4.5,1921.3
devils.one,15,0.2,13.733333333333333,18.133333333333333,1.8,0.4,4.2,2015.7333333333333
Chiefs Esports Club,51,0.19607843137254902,10.196078431372548,16.235294117647058,1.3725490196078431,0.3333333333333333,3.450980392156863,1868.9803921568628
ZETA,27,0.18518518518518517,9.925925925925926,20.333333333333332,1.7037037037037037,0.1111111111111111,3.4074074074074074,1744.7777777777778
Tigers eSports,6,0.16666666666666666,13.833333333333334,23.5,1.8333333333333333,0.16666666666666666,2.5,1849.1666666666667
Team Refuse,18,0.16666666666666666,13.666666666666666,23.944444444444443,1.7777777777777777,0.4444444444444444,4.222222222222222,1898.7222222222222
Gaming Barcelona,18,0.16666666666666666,12.944444444444445,20.72222222222222,1.8888888888888888,0.3333333333333333,3.5555555555555554,1896.1666666666667
Lupus Esports,25,0.16,13.12,20.52,1.2,0.2,3.4,1717.32
Aurora,44,0.1590909090909091,12.590909090909092,20.863636363636363,1.5681818181818181,0.18181818181818182,3.9318181818181817,1847.3181818181818
Hands,28,0.14285714285714285,9.035714285714286,22.571428571428573,1.1785714285714286,0.14285714285714285,2.357142857142857,1619.0357142857142
3BL Esports,7,0.14285714285714285,14.0,19.571428571428573,2.5714285714285716,0.14285714285714285,4.0,1772.2857142857142
CORE 128,14,0.14285714285714285,12.714285714285714,18.928571428571427,2.4285714285714284,0.2857142857142857,3.7142857142857144,2085.285714285714
Vancouver Impact,14,0.14285714285714285,11.0,22.285714285714285,1.5714285714285714,0.5,3.642857142857143,2043.2142857142858
Fluxo W7M,30,0.13333333333333333,9.466666666666667,16.466666666666665,1.7666666666666666,0.2,3.1333333333333333,1918.6666666666667
ZeroZone Gaming,15,0.13333333333333333,14.133333333333333,22.133333333333333,1.2,0.4,4.0,1947.2666666666667
Radical Pop Gaming,22,0.09090909090909091,11.863636363636363,24.59090909090909,1.0454545454545454,0.13636363636363635,1.6818181818181819,1695.5
Hungkuang Falcon (弘光獵鷹),18,0.05555555555555555,13.11111111111111,25.72222222222222,0.6666666666666666,0.05555555555555555,2.2777777777777777,1654.5555555555557
DRX Academy,93,0.053763440860215055,10.903225806451612,22.655913978494624,0.8387096774193549,0.10752688172043011,1.989247311827957,1711.516129032258
Berimbados,2,0.0,9.5,24.0,1.0,0.0,0.5,1436.5
All for One Gaming,2,0.0,13.5,39.5,0.0,0.0,2.0,1536.0
Natus Vincere,8,0.0,7.5,19.0,1.5,0.375,3.0,1974.875
Xibalbá Esports,5,0.0,8.8,21.0,1.6,0.2,3.4,1820.0
A One Man Army Prime Academy,2,0.0,17.0,26.5,1.5,0.0,4.0,1809.0
Münster Esports - Golden Goats,2,0.0,13.5,28.5,0.0,0.0,0.0,1360.5
ZSM,4,0.0,6.75,25.0,0.75,0.0,1.0,1669.0
GenZ Gaming,7,0.0,16.285714285714285,25.857142857142858,1.1428571428571428,0.14285714285714285,3.2857142857142856,1935.0
LEGACY5,2,0.0,7.5,25.5,0.5,0.0,0.5,1540.5
Geração Estrutura,4,0.0,12.0,22.5,1.0,0.0,2.75,1723.5
Metin2 Enjoyers,2,0.0,14.5,23.5,1.5,0.0,0.0,1539.5
Paputs Gaming,5,0.0,12.4,29.6,0.4,0.0,1.2,1569.2
PaiDA Miwan Bao,1,0.0,10.0,28.0,1.0,0.0,2.0,1737.0
KrabbelGruppeAlpha,2,0.0,4.0,21.0,1.0,0.0,0.0,1636.5
SK Gaming Avarosa,2,0.0,9.5,23.0,0.0,0.0,1.0,1497.5
Melilla Titans,2,0.0,10.0,25.5,1.0,0.0,2.5,1882.5
FRK,2,0.0,12.5,25.0,2.0,0.5,3.5,2209.0
Evolve eSports,4,0.0,13.0,27.5,2.0,0.0,2.75,2022.75
The Forbidden Five,14,0.0,8.5,21.428571428571427,1.1428571428571428,0.0,1.5714285714285714,1755.642857142857
Connect Arena Esports,16,0.0,11.0,27.1875,0.625,0.0,1.25,1582.9375
Team Meliora,6,0.0,13.666666666666666,28.0,1.6666666666666667,0.0,3.0,1731.6666666666667
Team Revolta,1,0.0,26.0,35.0,1.0,0.0,4.0,1743.0
Team Blaze 1,2,0.0,5.0,24.5,0.5,0.0,0.0,1435.5
Sportia Khore,2,0.0,13.5,29.0,3.0,0.5,2.5,1960.5
Karam El Sham,3,0.0,13.666666666666666,27.666666666666668,1.6666666666666667,0.0,0.6666666666666666,1526.6666666666667
HST,4,0.0,14.75,20.25,2.0,0.25,3.5,1850.5
Str1ve eSports,2,0.0,5.0,22.0,0.5,0.0,1.5,1576.5
Japan (National Team),3,0.0,6.333333333333333,21.333333333333332,0.3333333333333333,0.0,1.3333333333333333,1547.3333333333333
JY Gaming,2,0.0,17.5,26.5,1.0,0.5,2.0,1936.5
eSports Cologne e.V.,2,0.0,13.5,25.0,1.0,0.0,3.0,1927.5
BloomStorm,10,0.0,8.2,25.5,0.9,0.1,1.7,1680.6
Black Lion,2,0.0,10.5,26.5,1.0,0.0,2.0,1647.5
Broke,2,0.0,12.0,29.0,0.0,0.0,2.5,1503.0
VeLocitY (Japanese Team),9,0.0,10.11111111111111,21.77777777777778,1.5555555555555556,0.4444444444444444,3.0,1884.6666666666667
